Player,Inns,Wkts,Ave,Econ,SR,Z_Wkts,Z_Ave,Z_Econ,Z_SR,Overall_Score
M Muralitharan,341.0,534.0,23.08,3.93,35.2,5.787301312709101,-1.1260417519483605,-1.4331219838304572,-0.7610465581200653,2.276877901651996
Wasim Akram,351.0,502.0,23.52,3.89,36.2,5.368275472839375,-1.0831037032737323,-1.501265756257998,-0.6699009741399613,2.155636476627767
GD McGrath,248.0,381.0,22.02,3.88,34.0,3.783834015831977,-1.22948341466451,-1.5183016993648837,-0.8704212588961904,1.8505100971893902
SM Pollock,297.0,393.0,24.5,3.67,39.9,3.9409687057831237,-0.987468958498424,-1.8760565046094722,-0.3326623134135767,1.7842891205761493
Waqar Younis,258.0,416.0,23.84,4.68,30.5,4.242143528189489,-1.0518760315103661,-0.15542625081407008,-1.1894308028265546,1.6597191533351199
B Lee,217.0,380.0,23.36,4.76,29.4,3.770739458336048,-1.0987175391554151,-0.01913870595898856,-1.2896909452046692,1.5445716621637804
WPUJC Vaas,320.0,400.0,27.53,4.18,39.4,4.032630608254626,-0.6917819414890526,-1.0072234061583287,-0.3782351054036287,1.5274677653264093
Saqlain Mushtaq,165.0,288.0,21.78,4.29,30.4,2.5660401687105883,-1.2529041684870343,-0.8198280319825912,-1.1985453612245651,1.4593294326011947
AA Donald,162.0,272.0,21.78,4.15,31.4,2.3565272487757256,-1.2529041684870343,-1.0583312354789831,-1.107399777244461,1.443790607496551
J Garner,98.0,146.0,18.84,3.09,36.5,0.7066130042886828,-1.539808402812959,-2.864141204808812,-0.6425572989459303,1.4382799777140962
CEL Ambrose,175.0,225.0,24.12,3.48,41.5,1.7410830464670666,-1.024551818717421,-2.1997394236402905,-0.18682937904541008,1.288050916967547
Sir RJ Hadlee,112.0,158.0,21.56,3.3,39.1,0.8637476942398297,-1.2743731928243487,-2.506386399564224,-0.40557878059765967,1.2625215168065154
SK Warne,191.0,293.0,25.73,4.25,36.3,2.6315129561902326,-0.8674375951579861,-0.887971804410132,-0.6607864157419514,1.2619271928750755
MA Holding,102.0,142.0,21.36,3.32,38.5,0.6542347743049671,-1.2938904876764523,-2.4723145133504536,-0.4602661309857222,1.220176476579399
Rashid Khan,67.0,133.0,18.54,4.16,26.7,0.5363837568416069,-1.5690843450911147,-1.0412952923720984,-1.53578402195095,1.1706368540639425
M Ntini,171.0,266.0,24.65,4.53,32.6,2.277959903800152,-0.9728309873593464,-0.4109653974173468,-0.9980250764683359,1.1649453412612953
J Srinath,227.0,315.0,28.08,4.44,37.8,2.9195932211006688,-0.6381093806457677,-0.5642888853793131,-0.5240680397717953,1.1615148817243863
N Kapil Dev,221.0,253.0,27.45,3.71,44.2,2.107730656353076,-0.6995888594298942,-1.8079127321819315,0.059263697700871074,1.1389921375660077
A Kumble,265.0,337.0,30.89,4.3,43.0,3.207673486011105,-0.3638913879737103,-0.8027920888757064,-0.05011100307525403,1.106116991483944
Saeed Ajmal,112.0,184.0,22.72,4.18,32.6,1.2042061891339815,-1.161172882682147,-1.0072234061583287,-0.9980250764683359,1.0926568886106982
AME Roberts,56.0,87.0,20.35,3.4,35.8,-0.0659658879711231,-1.392452826679576,-2.336026968495372,-0.7063592077320034,1.092218278733957
DK Lillee,63.0,103.0,20.82,3.58,34.8,0.1435470319637395,-1.3465871837771322,-2.0293799925714384,-0.7975047917121074,1.0792547500061045
CJ McDermott,138.0,203.0,24.71,4.03,36.7,1.4530027815566307,-0.966975798903715,-1.2627625527616053,-0.6243281821499093,1.076767328842965
SE Bond,80.0,147.0,20.88,4.28,29.2,0.7197075617846117,-1.3407319953215013,-0.8368639750894761,-1.3079200620006899,1.0513058985490698
Shahid Afridi,372.0,395.0,34.51,4.62,44.7,3.9671578207749816,-0.010628351150633345,-0.25764190945538046,0.1048364896909231,1.0326478979225182
Shoaib Akhtar,162.0,247.0,24.97,4.76,31.4,2.029163311377503,-0.9416033155959803,-0.01913870595898856,-1.107399777244461,1.0243262775442332
D Gough,156.0,235.0,26.42,4.39,36.0,1.8720286214263557,-0.8001029279182281,-0.6494686009137401,-0.6881300909359823,1.0024325602985766
DL Vettori,277.0,305.0,31.71,4.12,46.0,2.7886476461413796,-0.28387047908008506,-1.109439064799639,0.2233257488650581,0.9896578602890114
MG Johnson,150.0,239.0,25.26,4.83,31.3,1.9244068514100714,-0.9133032380604297,0.10011289578920814,-1.1165143356424712,0.963527882330941
SL Malinga,220.0,338.0,28.87,5.35,32.3,3.2207680435070336,-0.5610160659799578,0.9859819373472364,-1.0253687516623675,0.9552927309505306
Imran Khan,153.0,182.0,26.61,3.89,40.9,1.1780170741421236,-0.7815614978087299,-1.501265756257998,-0.24151672943347266,0.925590264410581
AB Agarkar,188.0,288.0,27.85,5.07,32.9,2.5660401687105883,-0.6605542697256866,0.5089755303544526,-0.970681401274305,0.9220750773390318
NW Bracken,116.0,174.0,24.36,4.41,33.0,1.0732606141746923,-1.0011310648948966,-0.615396714699969,-0.9615668428762945,0.9128388091614631
MA Starc,85.0,172.0,20.99,5.02,25.0,1.0470714991828345,-1.3299974831528443,0.4237958148200256,-1.6907315147171267,0.9110011705581951
KD Mills,169.0,240.0,27.02,4.72,34.2,1.9375014089060003,-0.7415510433619172,-0.08728247838652932,-0.8521921421001694,0.9046317681886541
A Flintoff,119.0,169.0,24.38,4.39,33.2,1.0077878266950477,-0.9991793354096863,-0.6494686009137401,-0.9433377260802733,0.8999433722746869
EJ Chatfield,112.0,140.0,25.84,3.57,43.3,0.6280456593131093,-0.8567030829893291,-2.0464159356783242,-0.022767327881223078,0.8884830014654964
MD Marshall,134.0,157.0,26.96,3.53,45.7,0.8506531367439008,-0.7474062318175482,-2.114559708105865,0.19598207367102713,0.8791592507490718
BAW Mendis,84.0,152.0,21.86,4.8,27.3,0.7851803492642562,-1.245097250546193,0.04900506646855219,-1.4810966715628875,0.8655923012261961
TM Alderman,65.0,88.0,23.36,3.65,38.3,-0.052871330475194184,-1.0987175391554151,-1.9101283908232425,-0.4784952477817433,0.8586174618213016
Z Khan,197.0,282.0,29.43,4.93,35.8,2.4874728237350148,-0.5063676403940675,0.2704723268580593,-0.7063592077320034,0.8574318362507567
Shakib Al Hasan,203.0,260.0,30.21,4.48,40.4,2.1993925588245786,-0.4302501904708629,-0.4961451129517723,-0.2870895214235247,0.8532193459176846
CA Walsh,204.0,227.0,30.47,3.83,47.6,1.7672721614589244,-0.40487770716312826,-1.603481414899309,0.3691586832332247,0.8516181500720342
CG Rackemann,52.0,82.0,22.35,3.94,34.0,-0.13143867545076765,-1.1972798781585388,-1.4160860407235725,-0.8704212588961904,0.8380871255818834
CM Old,31.0,45.0,22.2,3.41,39.0,-0.6159373028001375,-1.2119178492976168,-2.3189910253884864,-0.4146933389956702,0.832416227720409
JM Anderson,191.0,269.0,29.22,4.92,35.6,2.3172435762879386,-0.5268607999887764,0.25343638375117444,-0.7245883245280238,0.8288140792633911
Imran Tahir,104.0,173.0,24.83,4.65,32.0,1.0601660566787634,-0.955265421992453,-0.2065340801347245,-1.0527124268563985,0.818669496415585
RGD Willis,64.0,80.0,24.6,3.28,44.9,-0.15762779044262548,-0.9777103110723719,-2.5404582857779943,0.12306560648694352,0.8093687999801994
HH Streak,185.0,239.0,29.82,4.51,39.6,1.9244068514100714,-0.46830891543246517,-0.4450372836311179,-0.36000598860760763,0.7994397597703155
JN Gillespie,96.0,142.0,25.42,4.21,36.2,0.6542347743049671,-0.8976894021787467,-0.9561155768376728,-0.6699009741399613,0.794485181865337
JJ Bumrah,58.0,103.0,21.88,4.49,29.2,0.1435470319637395,-1.2431455210609827,-0.4791091698448875,-1.3079200620006899,0.793430446217575
Sarfraz Nawaz,45.0,63.0,23.22,3.63,38.2,-0.380235267873417,-1.1123796455518877,-1.944200277037013,-0.4876098061797532,0.7909886152238093
DW Steyn,124.0,196.0,25.95,4.87,31.9,1.3613408790851285,-0.8459685708206721,0.1682566682167489,-1.061826985254409,0.7752199417358652
Mujeeb Ur Rahman,39.0,63.0,22.44,3.94,34.1,-0.380235267873417,-1.188497095475092,-1.4160860407235725,-0.8613067004981799,0.7714136422058568
M Morkel,114.0,188.0,25.32,4.95,30.6,1.2565844191176971,-0.9074480496047987,0.3045442130718304,-1.180316244428544,0.7599511250198024
Abdul Qadir,100.0,132.0,26.16,4.06,38.6,0.523289199345678,-0.8254754112259631,-1.211654723440951,-0.4511515725877117,0.752892726650076
Abdul Razzaq,254.0,269.0,31.83,4.69,40.6,2.3172435762879386,-0.2721601021688231,-0.13839030770718375,-0.2688604046275036,0.7491635976978622
Harbhajan Singh,227.0,269.0,33.35,4.31,46.3,2.3172435762879386,-0.12382866129283454,-0.7857561457688217,0.25066942405908904,0.7440397398226264
JH Kallis,283.0,273.0,31.79,4.84,39.3,2.3696218062716543,-0.27606356113924374,0.11714883889609294,-0.38734966380163927,0.7289715480791111
DW Fleming,88.0,134.0,25.38,4.41,34.4,0.5494783143375358,-0.9015928611491677,-0.615396714699969,-0.8339630253041489,0.7251077288727054
Abdur Razzak,152.0,207.0,29.29,4.56,38.4,1.5053810115403463,-0.5200297467905401,-0.35985756809669234,-0.46938068938373273,0.7136622539528279
C Pringle,64.0,103.0,23.87,4.45,32.1,0.1435470319637395,-1.0489484372825506,-0.5472529422724283,-1.043597868458388,0.6958365699942766
GB Hogg,113.0,156.0,26.84,4.51,35.6,0.8375585792479718,-0.7591166087288105,-0.4450372836311179,-0.7245883245280238,0.691575199033981
RD King,50.0,76.0,23.77,4.16,34.2,-0.21000602042634114,-1.0587070847086026,-1.0412952923720984,-0.8521921421001694,0.6855471246886323
IT Botham,115.0,145.0,28.54,3.96,43.2,0.6935184467927539,-0.5932196024859291,-1.3820141545098021,-0.03188188627923297,0.6751585225169295
CR Matthews,55.0,79.0,25.0,3.94,38.0,-0.1707223479385544,-0.9386757213681647,-1.4160860407235725,-0.5058389229757743,0.6724695842822392
TA Boult,89.0,164.0,25.06,5.05,29.7,0.9423150392154032,-0.9328205329125336,0.47490364414068154,-1.262347270010638,0.6656447994994733
BP Patterson,58.0,90.0,24.51,4.33,33.8,-0.026682215483336363,-0.9864930937558186,-0.7516842595550505,-0.8886503756922115,0.6500363783799361
JDP Oram,154.0,173.0,29.17,4.38,39.9,1.0601660566787634,-0.5317401237018021,-0.666504544020625,-0.3326623134135767,0.6477682594536918
ST Jayasuriya,368.0,323.0,36.75,4.78,46.0,3.0243496810681,0.20796535119292842,0.014933180254782573,0.2233257488650581,0.6445313501888328
Mashrafe Mortaza,217.0,266.0,32.92,4.87,40.5,2.277959903800152,-0.16579084522485749,0.1682566682167489,-0.2779749630255141,0.6383672609584436
M Prabhakar,127.0,157.0,28.87,4.27,40.5,0.8506531367439008,-0.5610160659799578,-0.8538999181963624,-0.2779749630255141,0.6358860209864337
IR Bishop,83.0,118.0,26.5,4.33,36.7,0.3399653944026732,-0.7922960099773868,-0.7516842595550505,-0.6243281821499093,0.627068461521255
PS de Villiers,82.0,95.0,27.74,3.57,46.5,0.0387905719963082,-0.6712887818943439,-2.0464159356783242,0.2688985408551101,0.6218991871784666
SP Davis,39.0,44.0,25.75,3.37,45.8,-0.6290318602960664,-0.8654858656727757,-2.387134797816027,0.20509663206903703,0.6046230427809249
SP Narine,65.0,92.0,26.46,4.12,38.4,-0.0004931004914785359,-0.7961994689478075,-1.109439064799639,-0.46938068938373273,0.5936315306599252
L Klusener,164.0,192.0,29.95,4.7,38.2,1.3089626491014128,-0.4556226737785979,-0.12135436460029893,-0.4876098061797532,0.5933873734150157
Hamid Hassan,37.0,59.0,22.54,4.6,29.3,-0.43261349785713266,-1.1787384480490404,-0.29171379566915157,-1.2988055036026793,0.5841610623659347
Aaqib Javed,159.0,182.0,31.43,4.28,44.0,1.1780170741421236,-0.31119469187303034,-0.8368639750894761,0.04103458090485001,0.571260290049945
CJ McKay,59.0,97.0,24.37,4.78,30.5,0.06497968698816603,-1.0001552001522913,0.014933180254782573,-1.1894308028265546,0.5599081274280573
VJ Marks,32.0,44.0,25.79,3.7,41.7,-0.6290318602960664,-0.8615824067023551,-1.8249486752888162,-0.16860026224938904,0.5565248709861235
DK Morrison,95.0,126.0,27.53,4.53,36.3,0.4447218543701045,-0.6917819414890526,-0.4109653974173468,-0.6607864157419514,0.5520639022546139
Mustafizur Rahman,55.0,107.0,22.97,5.24,26.2,0.19592526194745516,-1.1367762641170174,0.7985865631715005,-1.581356813941002,0.5288679442084935
DE Bollinger,39.0,62.0,23.9,4.57,31.3,-0.3933298253693459,-1.0460208430547353,-0.342821624989806,-1.1165143356424712,0.5280067445794167
LL Tsotsobe,60.0,94.0,24.96,4.75,31.5,0.02569601450037929,-0.9425791803385853,-0.03617464906587337,-1.0982852188464505,0.5256837656878222
Amir Hamza,31.0,40.0,25.4,3.92,38.8,-0.6814100902797819,-0.8996411316639574,-1.4501579269373428,-0.43292245579169125,0.5253278560283023
MC Snedden,90.0,114.0,28.39,4.29,39.6,0.28758716441895754,-0.6078575736250067,-0.8198280319825912,-0.36000598860760763,0.5188196896585408
PR Reiffel,92.0,106.0,29.2,3.92,44.6,0.18283070445152624,-0.5288125294739868,-1.4501579269373428,0.09572193129291257,0.5165198073924858
AJ Hall,78.0,95.0,26.47,4.51,35.1,0.0387905719963082,-0.7952236042052025,-0.4450372836311179,-0.7701611165180758,0.5123031440876761
AR Cusack,52.0,63.0,23.96,4.63,31.0,-0.380235267873417,-1.0401656545991038,-0.24060596634849563,-1.1438580108365026,0.5110985909776713
A Mishra,34.0,64.0,23.6,4.72,29.9,-0.3671407103774881,-1.0752967853328905,-0.08728247838652932,-1.244118153214617,0.5098891766391372
MR Whitney,38.0,46.0,27.15,3.55,45.7,-0.6028427453042086,-0.7288648017080499,-2.0804878218920946,0.19598207367102713,0.5026319511562273
MS Kasprowicz,42.0,67.0,24.98,4.51,33.2,-0.32785703788970133,-0.940627450853375,-0.4450372836311179,-0.9433377260802733,0.5002863556687662
PL Taylor,80.0,97.0,28.24,4.17,40.5,0.06497968698816603,-0.6224955447640846,-1.0242593492652134,-0.2779749630255141,0.4974273860107446
AD Mullally,49.0,63.0,27.42,3.84,42.8,-0.380235267873417,-0.7025164536577095,-1.5864454717924243,-0.0683401198712751,0.494266694361998
RM Hogg,67.0,85.0,28.44,3.94,43.2,-0.09215500296298093,-0.6029782499119807,-1.4160860407235725,-0.03188188627923297,0.4896977934879513
GI Allott,31.0,52.0,23.21,4.73,29.3,-0.5242754003286351,-1.1133555102944928,-0.07024653527964299,-1.2988055036026793,0.489533037212045
BKV Prasad,160.0,196.0,32.3,4.67,41.4,1.3613408790851285,-0.22629445926637945,-0.17246219392095488,-0.19594393744342062,0.48901036742897086
Kuldeep Yadav,54.0,99.0,24.79,4.98,29.8,0.09116880198002385,-0.9591688809628737,0.3556520423924863,-1.2532327116126274,0.48697958804075964
GR Dilley,36.0,48.0,26.89,3.79,42.5,-0.5766536303123507,-0.7542372850157846,-1.67162518732685,-0.09568379506530605,0.4862231592738974
SP O'Donnell,87.0,108.0,28.72,4.27,40.2,0.20901981944338408,-0.5756540371190357,-0.8538999181963624,-0.3053186382195451,0.48597310324458176
GF Lawson,79.0,88.0,29.45,3.65,48.3,-0.052871330475194184,-0.5044159109088572,-1.9101283908232425,0.43296059201929715,0.4821780948094021
TM Odoyo,129.0,145.0,29.89,4.6,38.9,0.6935184467927539,-0.4614778622342289,-0.29171379566915157,-0.42380789739368074,0.4676295005224538
GP Swann,76.0,104.0,27.76,4.54,36.6,0.1566415894596684,-0.6693370524091333,-0.39392945431046195,-0.6334427405479198,0.46333770918179584
MF Maharoof,105.0,135.0,28.06,4.89,34.3,0.5625728718334647,-0.640061110130978,0.2023285544305185,-0.8430775837021595,0.46084575280902096
Umar Gul,128.0,179.0,29.34,5.19,33.8,1.138733401654337,-0.5151504230775141,0.713406847637075,-0.8886503756922115,0.4572818381967469
A Nel,76.0,106.0,27.68,4.63,35.8,0.18283070445152624,-0.677143970349975,-0.24060596634849563,-0.7063592077320034,0.45173496222050014
JR Hazlewood,43.0,72.0,25.15,4.73,31.8,-0.2623842504100568,-0.9240377502290871,-0.07024653527964299,-1.0709415436524192,0.4507103946877731
DJ Bravo,150.0,199.0,29.51,5.41,32.7,1.4006245515729152,-0.4985607224532258,1.0881975959885484,-0.9889105180703254,0.44997454902697953
Mohammed Shami,72.0,136.0,25.0,5.5,27.2,0.5756674293293936,-0.9386757213681647,1.2415210839505146,-1.490211229960898,0.4407583241769854
C White,50.0,65.0,26.55,4.38,36.3,-0.35404615288155916,-0.7874166862643608,-0.666504544020625,-0.6607864157419514,0.44016537328634453
CL Cairns,186.0,201.0,32.8,4.84,40.6,1.426813666564773,-0.17750122213612016,0.11714883889609294,-0.2688604046275036,0.43900661360807597
CRD Fernando,141.0,187.0,30.2,5.2,34.7,1.2434898616217682,-0.43122605521346824,0.7304427907439597,-0.8066193501101173,0.43772311905034855
AR Caddick,53.0,69.0,28.47,4.01,42.5,-0.3016679228978435,-0.6000506556841654,-1.2968344389753765,-0.09568379506530605,0.42272524170675113
S Lee,43.0,48.0,25.93,4.37,35.5,-0.5766536303123507,-0.8479203003058824,-0.6835404871275098,-0.7337028829260344,0.42212751001176896
K Rabada,73.0,117.0,27.34,4.99,32.8,0.3268708369067443,-0.7103233715985513,0.37268798549937115,-0.9797959596723155,0.41107554566955995
Mushtaq Ahmed,142.0,161.0,33.29,4.26,46.8,0.9030313667276164,-0.1296838497484659,-0.8709358613032472,0.2962422160491411,0.40185221543254707
IK Pathan,118.0,173.0,29.72,5.26,33.8,1.0601660566787634,-0.4780675628585172,0.8326584493852701,-0.8886503756922115,0.3985563864610555
SCJ Broad,121.0,178.0,30.13,5.26,34.3,1.125638844158408,-0.43805710841170453,0.8326584493852701,-0.8430775837021595,0.3935287717217505
GS Chappell,67.0,72.0,29.12,4.04,43.1,-0.2623842504100568,-0.5366194474148281,-1.2457266096547206,-0.0409964446772435,0.3902395628341839
WB Rankin,71.0,104.0,27.81,4.82,34.6,0.1566415894596684,-0.6644577286961076,0.08307695268232333,-0.8157339085081279,0.38843906849539517
SR Waugh,207.0,195.0,34.67,4.56,45.5,1.3482463215891995,0.0049854847310499845,-0.35985756809669234,0.17775295687500609,0.381341362019959
S Madan Lal,64.0,73.0,29.27,4.05,43.3,-0.24928969291412786,-0.5219814762757504,-1.2286906665478359,-0.022767327881223078,0.3810374444476704
Mudassar Nazar,104.0,111.0,30.91,4.24,43.7,0.2483034919311708,-0.36193965848849996,-0.9050077475170168,0.013690905710819056,0.37538999805646717
DNT Zoysa,93.0,108.0,29.75,4.52,39.4,0.20901981944338408,-0.4751399686307015,-0.42800134052423305,-0.3782351054036287,0.3725990585004868
VC Drakes,34.0,51.0,25.35,4.73,32.1,-0.537369957824564,-0.904520455376983,-0.07024653527964299,-1.043597868458388,0.3702487253226125
SW Tait,34.0,62.0,23.56,5.19,27.2,-0.3933298253693459,-1.0792002443033115,0.713406847637075,-1.490211229960898,0.3656687003144472
WKM Benjamin,85.0,100.0,30.79,4.15,44.4,0.10426335947595276,-0.37365003539976227,-1.0583312354789831,0.0774928144968915,0.36468795396445164
RN ten Doeschate,33.0,55.0,24.12,5.03,28.7,-0.4849917278408483,-1.024551818717421,0.4408317579269119,-1.3534928539907418,0.3630552967351006
AG Cremer,95.0,119.0,30.22,4.61,39.3,0.3530599518986021,-0.4292743257282579,-0.27467785256226523,-0.38734966380163927,0.3610904484976911
KMDN Kulasekara,181.0,199.0,33.92,4.9,41.5,1.4006245515729152,-0.06820437096433894,0.21936449753740483,-0.18682937904541008,0.3590734510113148
SR Watson,163.0,168.0,31.79,4.95,38.4,0.9946932691991188,-0.27606356113924374,0.3045442130718304,-0.46938068938373273,0.3588983266625662
BL Cairns,75.0,89.0,30.52,4.06,45.1,-0.039776772979265275,-0.39999838345010225,-1.211654723440951,0.14129472328296458,0.3576454026572058
UDU Chandana,136.0,151.0,31.9,4.7,40.6,0.7720857917683273,-0.26532904897058673,-0.12135436460029893,-0.2688604046275036,0.3569074024916792
HA Gomes,36.0,41.0,25.48,4.66,32.8,-0.668315532783853,-0.8918342137231158,-0.18949813702783969,-0.9797959596723155,0.3482031944098545
AC Botha,33.0,42.0,27.0,4.36,37.1,-0.6552209752879241,-0.7435027728471275,-0.7005764302343945,-0.5878699485578678,0.34418204408786646
N Chopra,37.0,46.0,27.95,4.2,39.8,-0.6028427453042086,-0.650795622299635,-0.9731515199445576,-0.3417768718115872,0.3407203171878928
Mohammad Nabi,120.0,130.0,32.54,4.28,45.5,0.49710008435382014,-0.2028737054438548,-0.8368639750894761,0.17775295687500609,0.3397712020030363
YS Chahal,49.0,85.0,26.42,5.06,31.2,-0.09215500296298093,-0.8001029279182281,0.4919395872475663,-1.1256288940404817,0.33540930793704066
CL Hooper,203.0,193.0,36.05,4.36,49.6,1.3220572065973417,0.13965481921056516,-0.7005764302343945,0.5514498511934328,0.3328822416069346
IDR Bradshaw,62.0,78.0,29.47,4.34,40.6,-0.1838169054344833,-0.5024641814236468,-0.7346483164481658,-0.2688604046275036,0.3305389992662082
PAJ DeFreitas,103.0,115.0,32.82,3.96,49.6,0.30068172191488646,-0.1755494926509095,-1.3820141545098021,0.5514498511934328,0.3266988794705413
ARC Fraser,42.0,47.0,30.04,3.54,50.8,-0.5897481878082796,-0.4468398910951512,-2.097523764998979,0.6608245519695573,0.3234477290790733
KSC de Silva,37.0,52.0,25.44,4.9,31.1,-0.5242754003286351,-0.8957376726935364,0.21936449753740483,-1.134743452438492,0.32171030681649715
PJ Cummins,58.0,96.0,27.11,5.14,31.5,0.051885129492237114,-0.7327682606784706,0.6282271321026478,-1.0982852188464505,0.3136778692286276
Mohammad Sami,85.0,121.0,29.47,4.99,35.4,0.37924906689045995,-0.5024641814236468,0.37268798549937115,-0.7428174413240449,0.31296067603469513
W Watson,61.0,74.0,30.36,4.14,43.9,-0.23619513541819898,-0.4156122193317852,-1.0753671785858694,0.03192002250683947,0.30571605999815404
AR Border,87.0,73.0,28.36,4.66,36.4,-0.24928969291412786,-0.6107851678528223,-0.18949813702783969,-0.6516718573439408,0.30066636732761876
CZ Harris,232.0,203.0,37.5,4.28,52.5,1.4530027815566307,0.28115520688831735,-0.8368639750894761,0.8157720447357344,0.29823487625551376
HA Varaiya,60.0,68.0,30.11,4.16,43.3,-0.3147624803937724,-0.44000883789691486,-1.0412952923720984,-0.022767327881223078,0.29732724443911596
S Elworthy,37.0,44.0,28.06,4.35,38.6,-0.6290318602960664,-0.640061110130978,-0.7176123733412809,-0.4511515725877117,0.2949482989409761
JE Emburey,61.0,76.0,30.86,4.1,45.0,-0.21000602042634114,-0.366818982201526,-1.1435109510134103,0.13218016488495404,0.29203593697591024
M Dillon,107.0,130.0,32.44,4.61,42.1,0.49710008435382014,-0.2126323528699068,-0.27467785256226523,-0.13214202865734753,0.2791380796108349
R Rampaul,88.0,117.0,29.35,5.1,34.4,0.3268708369067443,-0.5141745583349088,0.560083359675107,-0.8339630253041489,0.2787312652176737
RMH Binny,67.0,77.0,29.35,4.58,38.4,-0.19691146293041223,-0.5141745583349088,-0.3257856818829212,-0.46938068938373273,0.2781073666677876
CC Lewis,49.0,66.0,29.42,4.43,39.7,-0.34095159538563025,-0.5073435051366725,-0.5813248284861994,-0.3508914302095971,0.2746520421117097
Mirwais Ashraf,45.0,46.0,29.56,4.06,43.6,-0.6028427453042086,-0.4936813987402002,-1.211654723440951,0.004576347312808523,0.2744792573910335
JE Taylor,88.0,128.0,29.53,5.22,33.9,0.4709109693619623,-0.4966089929680155,0.7645146769577293,-0.8795358172942009,0.27063527566661233
CPH Ramanayake,62.0,68.0,30.13,4.29,42.1,-0.3147624803937724,-0.43805710841170453,-0.8198280319825912,-0.13214202865734753,0.26881617216446774
JC Tredwell,44.0,60.0,27.76,4.75,35.0,-0.41951894036120374,-0.6693370524091333,-0.03617464906587337,-0.7792756749160864,0.26631710900747235
A Nehra,120.0,157.0,31.72,5.19,36.6,0.8506531367439008,-0.28289461433748003,0.713406847637075,-0.6334427405479198,0.26339591099805637
KAJ Roach,90.0,124.0,30.34,5.06,35.9,0.41853273937824664,-0.41756394881699554,0.4919395872475663,-0.6972446493339929,0.2603504375704172
Maninder Singh,57.0,66.0,31.3,3.95,47.4,-0.34095159538563025,-0.3238809335268977,-1.3990500976166869,0.35092956643720363,0.25776246733018765
MG Hughes,33.0,38.0,29.34,4.08,43.1,-0.7075992052716398,-0.5151504230775141,-1.17758283722718,-0.0409964446772435,0.25653262492757445
MJ Henry,50.0,92.0,26.48,5.4,29.3,-0.0004931004914785359,-0.7942477394625972,1.0711616528816634,-1.2988055036026793,0.2553496224230336
R Ashwin,109.0,150.0,32.91,4.91,40.1,0.7589912342723983,-0.16676670996746318,0.23640044064428964,-0.31443319661755564,0.25094767505328186
PJ Ongondo,79.0,78.0,30.12,4.54,39.7,-0.1838169054344833,-0.43903297315430956,-0.39392945431046195,-0.3508914302095971,0.25000923805997133
Mudassar Bukhari,46.0,57.0,28.08,4.71,35.7,-0.4588026128489905,-0.6381093806457677,-0.10431842149341412,-0.7154737661300132,0.24977473885505114
ST Finn,67.0,102.0,29.37,5.06,34.8,0.13045247446781058,-0.5122228288496985,0.4919395872475663,-0.7975047917121074,0.23706012694551254
Mohammad Amir,60.0,81.0,29.62,4.77,37.1,-0.14453323294669657,-0.48782621028456885,-0.00210276285210375,-0.5878699485578678,0.23331642218696097
AC Dale,30.0,32.0,30.59,3.68,49.8,-0.7861665502472133,-0.39316733025186595,-1.8590205615025865,0.5696789679894532,0.2240855933794465
IJ Harvey,70.0,85.0,30.31,4.71,38.5,-0.09215500296298093,-0.42049154304481123,-0.10431842149341412,-0.4602661309857222,0.2232302731402417
DS Lehmann,62.0,52.0,27.78,4.83,34.4,-0.5242754003286351,-0.6673853229239229,0.10011289578920814,-0.8339630253041489,0.21924001302755716
SM Sharif,44.0,64.0,27.75,5.0,33.2,-0.3671407103774881,-0.6703129171517387,0.38972392860625593,-0.9433377260802733,0.214196501062067
SR Clark,38.0,53.0,27.86,4.84,34.5,-0.5111808428327062,-0.6595784049830816,0.11714883889609294,-0.8248484669061383,0.2140242975401052
CK Langeveldt,71.0,100.0,29.62,5.09,34.8,0.10426335947595276,-0.48782621028456885,0.5430474165682223,-0.7975047917121074,0.21163673622610168
R McLaren,51.0,77.0,27.29,5.24,31.2,-0.19691146293041223,-0.7152026953115772,0.7985865631715005,-1.1256288940404817,0.21133339081253658
LH Ferguson,36.0,67.0,25.65,5.42,28.3,-0.32785703788970133,-0.8752445130988278,1.105233539095433,-1.3899510875827834,0.2080262559241192
R Telemachus,37.0,56.0,27.94,4.89,34.2,-0.4718971703449194,-0.65177148704224,0.2023285544305185,-0.8521921421001694,0.20743447609174287
NA Foster,48.0,59.0,31.11,4.19,44.5,-0.43261349785713266,-0.34242236363639633,-0.9901874630514425,0.08660737289490203,0.20334723898395102
AC Cummins,74.0,91.0,31.61,4.58,41.3,-0.013587657987407449,-0.29362912650613704,-0.3257856818829212,-0.20505849584143115,0.2027214115607705
CH Gayle,199.0,167.0,35.48,4.78,44.4,0.9815987117031899,0.08403052888206955,0.014933180254782573,0.0774928144968915,0.2012855470173616
S Dhaniram,41.0,41.0,30.24,4.2,43.1,-0.668315532783853,-0.4273225962430476,-0.9731515199445576,-0.0409964446772435,0.19328875702024892
TJ Murtagh,57.0,74.0,30.94,4.54,40.8,-0.23619513541819898,-0.35901206426068427,-0.39392945431046195,-0.2506312878314832,0.1918444177461076
Junaid Khan,76.0,110.0,29.23,5.35,32.7,0.23520893443524188,-0.5258849352461711,0.9859819373472364,-0.9889105180703254,0.19100561260112547
GR Larsen,119.0,113.0,35.39,3.76,56.3,0.2744926069230286,0.07524774619862323,-1.7227330166475059,1.1621252638601294,0.18996315337794545
RA Harper,99.0,100.0,34.31,3.97,51.7,0.10426335947595276,-0.030145646002736642,-1.3649782114029165,0.7428555775516514,0.18913290983248865
RA Jadeja,155.0,181.0,36.19,4.89,44.3,1.1649225166461947,0.1533169256070378,0.2023285544305185,0.06837825609888096,0.18522469512743941
PA Strang,89.0,96.0,33.05,4.37,45.3,0.051885129492237114,-0.15310460357099054,-0.6835404871275098,0.159523840078985,0.1822515950279381
WK McCallan,35.0,39.0,30.97,4.01,46.2,-0.6945046477757109,-0.35608447003286897,-1.2968344389753765,0.24155486566107917,0.17921484889286385
AJ Bichel,66.0,78.0,31.57,4.53,41.7,-0.1838169054344833,-0.2975325854765577,-0.4109653974173468,-0.16860026224938904,0.17332033492720256
HMRKB Herath,67.0,74.0,31.91,4.37,43.8,-0.23619513541819898,-0.2643531842279814,-0.6835404871275098,0.022805464108828943,0.17222326795711584
MM Patel,67.0,86.0,30.26,4.95,36.6,-0.07906044546705202,-0.42537086675783686,0.3045442130718304,-0.6334427405479198,0.16880223719171855
T Thushara,38.0,50.0,27.86,4.98,33.5,-0.5504645153204929,-0.6595784049830816,0.3556520423924863,-0.9159940508862424,0.1673639745390862
DR Tuffey,92.0,110.0,32.12,4.89,39.3,0.23520893443524188,-0.24386002463327278,0.2023285544305185,-0.38734966380163927,0.16602251710990884
CR Woakes,95.0,142.0,30.47,5.59,32.6,0.6542347743049671,-0.40487770716312826,1.394844571912481,-0.9980250764683359,0.16557324650598762
PM Seelaar,41.0,50.0,29.52,4.65,38.0,-0.5504645153204929,-0.49758485771062083,-0.2065340801347245,-0.5058389229757743,0.16487333637515666
TG Southee,138.0,186.0,34.26,5.44,37.7,1.2303953041258393,-0.03502496971576299,1.1393054253092043,-0.5331825981698052,0.16482436167555078
AR White,35.0,25.0,27.52,4.75,34.7,-0.8778284527187157,-0.692757806231658,-0.03617464906587337,-0.8066193501101173,0.16443083817223325
HDPK Dharmasena,134.0,138.0,36.21,4.27,50.7,0.6018565443212515,0.1552686550922485,-0.8538999181963624,0.6517099935715474,0.16219445346345446
JM Davison,31.0,36.0,29.63,4.46,39.8,-0.7337883202634976,-0.4868503455419638,-0.5302169991655434,-0.3417768718115872,0.15626397406389922
Dawlat Zadran,80.0,115.0,29.76,5.44,32.7,0.30068172191488646,-0.47416410388809616,1.1393054253092043,-0.9889105180703254,0.15611272964102593
MA Ealham,62.0,67.0,32.79,4.08,48.1,-0.32785703788970133,-0.17847708687872516,-1.17758283722718,0.4147314752232767,0.15336785274823178
RJ Shastri,136.0,129.0,36.04,4.21,51.2,0.4840055268578912,0.13867895446796016,-0.9561155768376728,0.6972827855615994,0.1510398409165011
DT Johnston,63.0,66.0,32.04,4.33,44.3,-0.34095159538563025,-0.2516669425741141,-0.7516842595550505,0.06837825609888096,0.14850533766116333
Mohammad Irfan,60.0,83.0,30.71,4.91,37.4,-0.11834411795483875,-0.3814569533406036,0.23640044064428964,-0.5605262733638368,0.146809667026328
TL Chatara,70.0,95.0,30.57,5.08,36.1,0.0387905719963082,-0.3951190597370763,0.5260114734613375,-0.6790155325379718,0.1467284227025047
AD Mathews,155.0,115.0,33.97,4.61,44.2,0.30068172191488646,-0.06332504725131329,-0.27467785256226523,0.059263697700871074,0.14485523100689848
KLT Arthurton,44.0,42.0,27.59,5.02,32.9,-0.6552209752879241,-0.6859267530334217,0.4237958148200256,-0.970681401274305,0.14439784104994424
SLV Raju,52.0,63.0,31.96,4.36,43.9,-0.380235267873417,-0.2594738605149554,-0.7005764302343945,0.03192002250683947,0.13697375009227336
WJ Cronje,153.0,114.0,34.78,4.44,46.9,0.28758716441895754,0.015719996899706972,-0.5642888853793131,0.3053567744471516,0.13269981961285301
Naved-ul-Hasan,72.0,110.0,29.28,5.57,31.5,0.23520893443524188,-0.5210056115331452,1.3607726856987112,-1.0982852188464505,0.12343176977903159
DS Mohanty,44.0,57.0,29.15,4.99,35.0,-0.4588026128489905,-0.5336918531870127,0.37268798549937115,-0.7792756749160864,0.12036923243868437
SB Styris,161.0,137.0,35.32,4.74,44.6,0.5887619868253225,0.06841669300038691,-0.05321059217275818,0.09572193129291257,0.11945848867619531
EC Rainsford,39.0,45.0,31.13,4.4,42.3,-0.6159373028001375,-0.340470634151186,-0.6324326578068539,-0.11391291186132713,0.11771972525480738
LE Plunkett,87.0,135.0,29.7,5.81,30.6,0.5625728718334647,-0.48001929234372753,1.7696353202639543,-1.180316244428544,0.11331827208544548
DBL Powell,55.0,71.0,31.53,4.71,40.1,-0.2754788079059857,-0.30143604444697836,-0.10431842149341412,-0.31443319661755564,0.1111772136629906
RW Price,99.0,100.0,35.75,3.99,53.7,0.10426335947595276,0.11037887693240986,-1.3309063251891462,0.9251467455118595,0.0999110155552074
AR Patel,35.0,45.0,31.31,4.43,42.4,-0.6159373028001375,-0.32290506878429265,-0.5813248284861994,-0.10479835346331659,0.09827273698341779
Shadab Khan,41.0,59.0,29.66,5.02,35.3,-0.43261349785713266,-0.4839227513141482,0.4237958148200256,-0.7519319997220554,0.09486135958976133
AU Rashid,93.0,143.0,31.79,5.62,33.9,0.667329331800896,-0.27606356113924374,1.4459524012331368,-0.8795358172942009,0.09424407725030098
NLTC Perera,152.0,171.0,32.49,5.83,33.3,1.0339769416869056,-0.20775302915688046,1.8037072064777255,-0.9342231676822635,0.09306148301208103
T Mupariwa,40.0,57.0,29.64,5.02,35.4,-0.4588026128489905,-0.4858744807993585,0.4237958148200256,-0.7428174413240449,0.08652337361359684
Iftikhar Anjum,60.0,77.0,31.55,4.92,38.4,-0.19691146293041223,-0.29948431496176803,0.25343638375117444,-0.46938068938373273,0.07962928941597852
B Kumar,113.0,132.0,34.6,5.02,41.2,0.523289199345678,-0.0018455684671863427,0.4237958148200256,-0.21417305423944105,0.07887800180806993
IVA Richards,131.0,118.0,35.83,4.49,47.8,0.3399653944026732,0.11818579487325119,-0.4791091698448875,0.3873878000292451,0.07837524233626611
K Srikkanth,33.0,25.0,25.64,5.4,28.4,-0.8778284527187157,-0.8762203778414327,1.0711616528816634,-1.380836529184773,0.07701670035645664
KJ O'Brien,113.0,113.0,32.49,5.21,37.3,0.2744926069230286,-0.20775302915688046,0.7474787338508445,-0.5696408317618473,0.07610193349772798
GC Small,53.0,58.0,33.48,4.17,48.1,-0.44570805535306157,-0.11114241963896758,-1.0242593492652134,0.4147314752232767,0.06874055958196068
WD Parnell,61.0,94.0,29.12,5.64,30.9,0.02569601450037929,-0.5366194474148281,1.4800242874469065,-1.152972569234513,0.05881593592570347
A Dananjaya,34.0,51.0,29.52,5.09,34.7,-0.537369957824564,-0.49758485771062083,0.5430474165682223,-0.8066193501101173,0.05594670835698795
PT Collins,30.0,39.0,31.07,4.61,40.4,-0.6945046477757109,-0.346325822606817,-0.27467785256226523,-0.2870895214235247,0.05339713720422401
FH Edwards,49.0,60.0,30.2,5.08,35.6,-0.41951894036120374,-0.43122605521346824,0.5260114734613375,-0.7245883245280238,0.052570991479737705
E Schiferli,30.0,33.0,30.54,4.67,39.2,-0.7730719927512844,-0.3980466539648919,-0.17246219392095488,-0.3964642221996491,0.04847526933355289
RM Haq,51.0,60.0,32.91,4.5,43.8,-0.41951894036120374,-0.16676670996746318,-0.4620732267380027,0.022805464108828943,0.0466288830588583
EA Brandes,59.0,70.0,32.37,4.8,40.4,-0.28857336540191464,-0.21946340606814313,0.04900506646855219,-0.2870895214235247,0.042243623905300245
RDM Leverock,32.0,34.0,33.02,4.0,49.5,-0.7599774352553554,-0.1560321977988055,-1.3138703820822613,0.5423352927954223,0.04189746295757227
PV Simmons,103.0,83.0,34.65,4.44,46.7,-0.11834411795483875,0.003033755245839308,-0.5642888853793131,0.2871276576511312,0.038945838631875965
Hasan Ali,51.0,82.0,29.03,5.6,31.0,-0.13143867545076765,-0.5454022300982747,1.4118805150193658,-1.1438580108365026,0.036485262616160974
CD Collymore,80.0,83.0,35.22,4.3,49.0,-0.11834411795483875,0.05865804557433492,-0.8027920888757064,0.4967625008053702,0.03225685613529064
WW Davis,35.0,39.0,33.38,4.06,49.3,-0.6945046477757109,-0.12090106706501888,-1.211654723440951,0.5241061759994011,0.028486241682714464
Mohammad Hafeez,177.0,139.0,38.84,4.18,55.6,0.6149511018171804,0.41192108239741254,-1.0072234061583287,1.098323355074057,0.027982517626009895
SO Tikolo,99.0,94.0,34.2,4.8,42.7,0.02569601450037929,-0.04088015817139363,0.04900506646855219,-0.07745467826928498,0.023756446118126426
BA Reid,61.0,63.0,34.96,4.06,51.5,-0.380235267873417,0.03328556226660028,-1.211654723440951,0.7246264607556303,0.018376858136325835
JR Ratnayeke,76.0,85.0,33.71,4.81,42.0,-0.09215500296298093,-0.08869753055904792,0.066041009575437,-0.14125658705535807,0.017939526268997013
N Boje,108.0,96.0,35.57,4.51,47.3,0.051885129492237114,0.09281331156551655,-0.4450372836311179,0.34181500803919307,0.01557352337966135
I Sharma,78.0,115.0,30.98,5.72,32.4,0.30068172191488646,-0.3551086052902636,1.616311832301988,-1.016254193264357,0.013933172041879743
JP Faulkner,67.0,96.0,30.85,5.53,33.4,0.051885129492237114,-0.36779484694413095,1.2926289132711706,-0.925108609284253,0.01303991811236263
JAR Blain,32.0,41.0,28.6,5.29,32.4,-0.668315532783853,-0.5873644140302977,0.8837662787059261,-1.016254193264357,0.012884198951218895
H Osinde,41.0,45.0,30.86,4.92,37.6,-0.6159373028001375,-0.366818982201526,0.25343638375117444,-0.5422971565678157,0.009935613054507436
CJ Anderson,43.0,60.0,25.03,6.06,24.7,-0.41951894036120374,-0.935748127140349,2.1955338979360834,-1.7180751899111582,0.009692619688555004
Shoaib Malik,217.0,158.0,39.18,4.66,50.3,0.8637476942398297,0.44510048364598853,-0.18949813702783969,0.6152517599795052,-0.001776603089456097
Saleem Malik,120.0,89.0,33.24,5.06,39.3,-0.039776772979265275,-0.13456317346149152,0.4919395872475663,-0.38734966380163927,-0.0024508807409251987
Mohammad Rafique,124.0,125.0,37.91,4.43,51.3,0.43162729687417556,0.32116566133512964,-0.5813248284861994,0.7063973439596093,-0.003652719983590985
Arshad Khan,56.0,56.0,34.78,4.14,50.4,-0.4718971703449194,0.015719996899706972,-1.0753671785858694,0.6243663183775158,-0.00915407675906818
RAS Lakmal,83.0,107.0,32.5,5.45,35.7,0.19592526194745516,-0.20677716441427546,1.156341368416089,-0.7154737661300132,-0.009541293981086302
Syed Rasel,52.0,61.0,33.62,4.63,43.5,-0.4064243828652748,-0.09748031324249493,-0.24060596634849563,-0.004538211085202012,-0.015949973047270558
JM Kemp,48.0,32.0,31.71,4.67,40.7,-0.7861665502472133,-0.28387047908008506,-0.17246219392095488,-0.2597458462294931,-0.01752200775417008
ME Waugh,120.0,85.0,34.56,4.78,43.3,-0.09215500296298093,-0.005749027437607002,0.014933180254782573,-0.022767327881223078,-0.01964295697473336
MJ McClenaghan,45.0,82.0,28.2,5.94,28.4,-0.13143867545076765,-0.6263990037345053,1.9911025806534628,-1.380836529184773,-0.028826430796238034
SJ Harmison,57.0,76.0,32.64,5.13,38.1,-0.21000602042634114,-0.19311505801780282,0.6111911889957631,-0.4967243645777637,-0.03283944670663441
MD Crowe,46.0,29.0,32.89,4.41,44.6,-0.825450222735,-0.16871843945267317,-0.615396714699969,0.09572193129291257,-0.03426424996881759
GRJ Matthews,54.0,57.0,35.15,4.28,49.2,-0.4588026128489905,0.05182699237609859,-0.8368639750894761,0.5149916176013913,-0.04718931193425108
AR Adams,40.0,53.0,31.0,5.22,35.5,-0.5111808428327062,-0.3531568758050533,0.7645146769577293,-0.7337028829260344,-0.04720894026483696
A Symonds,158.0,133.0,37.25,5.0,44.6,0.5363837568416069,0.2567585883231877,0.38972392860625593,0.09572193129291257,-0.05145517284518733
CE Cuffy,41.0,41.0,35.02,4.0,52.5,-0.668315532783853,0.03914075072223162,-1.3138703820822613,0.8157720447357344,-0.05233948653988946
AL Phehlukwayo,50.0,65.0,29.78,5.59,31.9,-0.35404615288155916,-0.4722123744028858,1.394844571912481,-1.061826985254409,-0.0537128412841863
Mohammad Asif,36.0,46.0,33.13,4.71,42.1,-0.6028427453042086,-0.14529768563014853,-0.10431842149341412,-0.13214202865734753,-0.055271152380824584
Nazmul Hossain,37.0,44.0,31.5,5.04,37.4,-0.6290318602960664,-0.30436363867479405,0.4578677010337967,-0.5605262733638368,-0.05550241232280806
HS Baidwan,32.0,44.0,30.63,5.21,35.2,-0.6290318602960664,-0.3892638712814453,0.7474787338508445,-0.7610465581200653,-0.05655004118635007
Rohan Mustafa,33.0,38.0,32.76,4.71,41.6,-0.7075992052716398,-0.18140468110654082,-0.10431842149341412,-0.17771482064739957,-0.061040320506071305
NM Hauritz,56.0,63.0,34.15,4.74,43.2,-0.380235267873417,-0.04575948188441997,-0.05321059217275818,-0.03188188627923297,-0.062345826884251464
RJ Ratnayake,70.0,76.0,35.68,4.55,47.0,-0.21000602042634114,0.10354782373417354,-0.3768935112035771,0.31447133284516215,-0.06278291645052493
DG Cork,32.0,41.0,33.36,4.63,43.2,-0.668315532783853,-0.12285279655022956,-0.24060596634849563,-0.03188188627923297,-0.06824372090147374
JR Thomson,50.0,55.0,35.3,4.32,49.0,-0.4849917278408483,0.06646496351517624,-0.7687202026619353,0.4967625008053702,-0.06987474737486488
Saleem Jaffar,39.0,40.0,34.55,4.36,47.5,-0.6814100902797819,-0.0067248921802126865,-0.7005764302343945,0.36004412483521414,-0.08353822317509722
JR Hopes,75.0,67.0,35.58,4.53,47.1,-0.32785703788970133,0.09378917630812154,-0.4109653974173468,0.32358589124317266,-0.0835666770059122
Rubel Hossain,99.0,126.0,34.12,5.68,36.0,0.4447218543701045,-0.04868707611223564,1.5481680598744472,-0.6881300909359823,-0.09165725961403118
NM Coulter-Nile,32.0,52.0,29.9,5.56,32.2,-0.5242754003286351,-0.46050199749162385,1.343736742591825,-1.0344833100603774,-0.09325670884211468
U Bhatti,35.0,33.0,34.81,4.22,49.3,-0.7730719927512844,0.01864759112752264,-0.939079633730788,0.5241061759994011,-0.09418653153685505
WW Hinds,34.0,28.0,29.89,5.31,33.7,-0.8385447802309289,-0.4614778622342289,0.9178381649196956,-0.8977649340902214,-0.09928503720654358
SB Joshi,67.0,69.0,36.36,4.44,49.0,-0.3016679228978435,0.16990662623132613,-0.5642888853793131,0.4967625008053702,-0.10101204113880669
BM McMillan,75.0,70.0,36.98,4.28,51.7,-0.28857336540191464,0.2304102402728474,-0.8368639750894761,0.7428555775516514,-0.10624380203423436
Azhar Mahmood,139.0,123.0,39.13,4.62,50.7,0.4054381818823177,0.44022115993296285,-0.25764190945538046,0.6517099935715474,-0.107212765541703
GD Elliott,56.0,39.0,30.23,5.43,33.3,-0.6945046477757109,-0.42829846098565255,1.1222694822023178,-0.9342231676822635,-0.11356312532752813
JO Holder,108.0,133.0,35.91,5.53,38.9,0.5363837568416069,0.1259927128140925,1.2926289132711706,-0.42380789739368074,-0.11460749296249387
AJ Hollioake,32.0,32.0,31.84,5.06,37.7,-0.7861665502472133,-0.2711842374262177,0.4919395872475663,-0.5331825981698052,-0.11843482547468917
TT Bresnan,84.0,109.0,34.98,5.42,38.7,0.222114376939313,0.035237291751810264,1.105233539095433,-0.44203701418970115,-0.11907985992955729
AR McBrine,40.0,42.0,35.45,4.36,48.6,-0.6552209752879241,0.08110293465425457,-0.7005764302343945,0.46030426721332873,-0.12401293673027822
EE Hemmings,32.0,37.0,34.97,4.43,47.3,-0.7206937627675687,0.03426142700920527,-0.5813248284861994,0.34181500803919307,-0.12886134233244192
C Sharma,63.0,67.0,34.86,4.94,42.3,-0.32785703788970133,0.02352691484054829,0.2875082699649456,-0.11391291186132713,-0.13124482770846702
RJ Peterson,74.0,75.0,35.73,4.9,43.7,-0.22310057792227006,0.10842714744719918,0.21936449753740483,0.013690905710819056,-0.14114578215442328
GH Dockrell,85.0,89.0,37.38,4.71,47.5,-0.039776772979265275,0.2694448299770554,-0.10431842149341412,0.36004412483521414,-0.14123682657453018
SB O'Connor,38.0,46.0,30.34,5.63,32.3,-0.6028427453042086,-0.41756394881699554,1.4629883443400218,-1.0253687516623675,-0.15572459729121685
SMSM Senanayake,47.0,53.0,35.35,4.76,44.4,-0.5111808428327062,0.07134428722820257,-0.01913870595898856,0.0774928144968915,-0.1602198096497029
RP Snell,42.0,44.0,35.77,4.5,47.6,-0.6290318602960664,0.11233060641762053,-0.4620732267380027,0.3691586832332247,-0.16211198080222722
PL Symcox,80.0,72.0,38.36,4.15,55.4,-0.2623842504100568,0.36507957475236325,-1.0583312354789831,1.0800942382780359,-0.1623067069903682
GP Wickramasinghe,132.0,109.0,39.64,4.53,52.4,0.222114376939313,0.4899902618058271,-0.4109653974173468,0.8066574863377238,-0.16589199344672279
NJ Astle,159.0,99.0,38.47,4.71,48.9,0.09116880198002385,0.37581408692102025,-0.10431842149341412,0.4876479424073597,-0.1669937014637355
Wahab Riaz,88.0,115.0,34.87,5.71,36.6,0.30068172191488646,0.02450277958315328,1.599275889195103,-0.6334427405479198,-0.17241355157886254
AC Evans,35.0,46.0,32.58,5.35,36.4,-0.6028427453042086,-0.19897024647343414,0.9859819373472364,-0.6516718573439408,-0.18454564470851748
JC Adams,56.0,43.0,34.86,4.84,43.1,-0.6421264177919953,0.02352691484054829,0.11714883889609294,-0.0409964446772435,-0.18545143171284825
BC Strang,48.0,46.0,37.34,4.13,54.2,-0.6028427453042086,0.2655413710066347,-1.0924031216927543,0.9707195375019115,-0.1866751330300001
JV Coney,70.0,54.0,37.75,4.17,54.2,-0.49808628533677723,0.305551825453447,-1.0242593492652134,0.9707195375019115,-0.18752457475673057
PD Collingwood,151.0,111.0,38.68,4.96,46.7,0.2483034919311708,0.39630724651572924,0.3215801561787152,0.2871276576511312,-0.1891778921036012
Gulbadin Naib,60.0,59.0,33.35,5.38,37.1,-0.43261349785713266,-0.12382866129283454,1.0370897666678924,-0.5878699485578678,-0.18950116366858072
Shabbir Ahmed,32.0,33.0,36.12,4.35,49.7,-0.7730719927512844,0.14648587240880148,-0.7176123733412809,0.5605644095914433,-0.19062747535256205
JS Patel,42.0,49.0,34.51,5.03,41.1,-0.5635590728164218,-0.010628351150633345,0.4408317579269119,-0.2232876126374516,-0.19261871673881223
MJ Santner,64.0,69.0,36.37,4.89,44.6,-0.3016679228978435,0.17088249097393113,0.2023285544305185,0.09572193129291257,-0.1926502248988014
AF Giles,57.0,55.0,37.61,4.34,51.9,-0.4849917278408483,0.29188971905697436,-0.7346483164481658,0.7610846943476718,-0.20082945619933218
P Kumar,67.0,77.0,36.02,5.13,42.1,-0.19691146293041223,0.1367272249827502,0.6111911889957631,-0.13214202865734753,-0.2031719620628945
Rizwan Cheema,32.0,32.0,34.21,4.93,41.5,-0.7861665502472133,-0.03990429342878864,0.2704723268580593,-0.18682937904541008,-0.20747630115776844
GB Brent,69.0,75.0,37.01,4.91,45.2,-0.22310057792227006,0.23333783450066306,0.23640044064428964,0.15040928168097512,-0.21081203368704948
PW Borren,51.0,46.0,35.21,4.91,43.0,-0.6028427453042086,0.05768218083172993,0.23640044064428964,-0.05011100307525403,-0.21170359092624352
Mohammad Naveed,39.0,53.0,33.15,5.43,36.5,-0.5111808428327062,-0.14334595614493853,1.1222694822023178,-0.6425572989459303,-0.2118867674860388
AD Russell,55.0,70.0,31.84,5.84,32.7,-0.28857336540191464,-0.2711842374262177,1.8207431495846103,-0.9889105180703254,-0.21230543987249542
RP Singh,57.0,69.0,33.95,5.48,37.1,-0.3016679228978435,-0.06527677673652327,1.207449197736745,-0.5878699485578678,-0.21399259883504934
Yuvraj Singh,161.0,111.0,38.68,5.1,45.4,0.2483034919311708,0.39630724651572924,0.560083359675107,0.16863839847699555,-0.21918137818416525
NC Johnson,39.0,35.0,34.85,4.87,42.9,-0.7468828777594265,0.0225510500979433,0.1682566682167489,-0.05922556147326457,-0.21961625865021356
PA de Silva,156.0,106.0,39.4,4.86,48.5,0.18283070445152624,0.4665695079833025,0.1512207251098641,0.4511897088153182,-0.22153730936423965
GA Hick,47.0,30.0,34.2,4.98,41.2,-0.8123556652390711,-0.04088015817139363,0.3556520423924863,-0.21417305423944105,-0.22823862380518067
UT Yadav,73.0,106.0,33.63,6.01,33.5,0.18283070445152624,-0.09650444849988923,2.1103541824016583,-0.9159940508862424,-0.2287562446410001
SC Ganguly,171.0,100.0,38.49,5.06,45.6,0.10426335947595276,0.3777658164062309,0.4919395872475663,0.1868675152730166,-0.23807738986271526
DR Pringle,44.0,44.0,38.11,4.22,54.0,-0.6290318602960664,0.3406829561872336,-0.939079633730788,0.9524904207058904,-0.24578140086460062
Sohail Tanvir,60.0,71.0,36.14,5.22,41.5,-0.2754788079059857,0.14843760189401217,0.7645146769577293,-0.18682937904541008,-0.2504004269280793
NO Miller,46.0,45.0,36.88,4.68,47.2,-0.6159373028001375,0.22065159284679609,-0.15542625081407008,0.3327004496411832,-0.2534657736185117
GW Flower,156.0,104.0,40.62,4.64,52.5,0.1566415894596684,0.585625006581135,-0.22357002324161082,0.8157720447357344,-0.2552963596538975
Tahir Naqqash,37.0,34.0,36.47,4.66,46.9,-0.7599774352553554,0.1806411383999831,-0.18949813702783969,0.3053567744471516,-0.2641193027686626
TM Moody,66.0,52.0,38.73,4.32,53.7,-0.5242754003286351,0.40118657022875487,-0.7687202026619353,0.9251467455118595,-0.27047212835182854
JF Mooney,50.0,48.0,34.06,5.45,37.4,-0.5766536303123507,-0.05454226456786628,1.156341368416089,-0.5605262733638368,-0.2794816151991842
RDB Croft,49.0,45.0,38.73,4.24,54.8,-0.6159373028001375,0.40118657022875487,-0.9050077475170168,1.0254068878899734,-0.2843807533504622
DP Viljoen,46.0,44.0,37.25,4.73,47.1,-0.6290318602960664,0.2567585883231877,-0.07024653527964299,0.32358589124317266,-0.28478245114569595
JDS Neesham,55.0,59.0,30.74,6.14,30.0,-0.43261349785713266,-0.3785293591127883,2.331821442791165,-1.2350035948166065,-0.2877254966797258
Shapoor Zadran,44.0,43.0,36.95,4.8,46.1,-0.6421264177919953,0.2274826460450324,0.04900506646855219,0.23244030726306864,-0.28776360939216217
Abdur Rehman,31.0,30.0,38.06,4.21,54.1,-0.8123556652390711,0.33580363247420797,-0.9561155768376728,0.961604979103901,-0.2884121749948768
Taskin Ahmed,31.0,45.0,31.13,5.94,31.4,-0.6159373028001375,-0.340470634151186,1.9911025806534628,-1.107399777244461,-0.2897923680144883
DR Smith,73.0,61.0,37.45,5.02,44.6,-0.4064243828652748,0.2762758831752917,0.4237958148200256,0.09572193129291257,-0.30055450303837616
SA Thomson,51.0,42.0,38.14,4.53,50.5,-0.6552209752879241,0.3436105504150493,-0.4109653974173468,0.6334808767755263,-0.30533675126528825
KM Jarvis,49.0,58.0,36.0,5.3,40.7,-0.44570805535306157,0.1347754954975395,0.9008022218128109,-0.2597458462294931,-0.30538498160847977
ALF de Mel,57.0,59.0,37.91,4.9,46.3,-0.43261349785713266,0.32116566133512964,0.21936449753740483,0.25066942405908904,-0.30595327019718904
Sikandar Raza,71.0,59.0,38.45,4.78,48.2,-0.43261349785713266,0.37386235743581026,0.014933180254782573,0.42384603362128725,-0.3113137672922532
Shoaib Mohammad,35.0,20.0,36.25,4.73,45.9,-0.9433012401983603,0.15917211406266915,-0.07024653527964299,0.21421119046704756,-0.3116095023621085
MJ Clarke,106.0,57.0,37.64,4.98,45.3,-0.4588026128489905,0.29481731328479,0.3556520423924863,0.159523840078985,-0.317198952151313
DT Hondo,56.0,61.0,35.59,5.47,39.0,-0.4064243828652748,0.09476504105072722,1.1904132546298587,-0.4146933389956702,-0.3192273348875477
NAM McLean,45.0,46.0,37.58,4.89,46.0,-0.6028427453042086,0.2889621248291587,0.2023285544305185,0.2233257488650581,-0.32936479335723595
Samiullah Shinwari,65.0,46.0,37.58,4.91,45.8,-0.6028427453042086,0.2889621248291587,0.23640044064428964,0.20509663206903703,-0.3333254857116735
CD McMillan,74.0,49.0,35.04,5.48,38.3,-0.5635590728164218,0.041092480207441606,1.207449197736745,-0.4784952477817433,-0.3334013757447163
HK Olonga,49.0,58.0,34.08,5.76,35.5,-0.44570805535306157,-0.0525905350826563,1.6844556047295287,-0.7337028829260344,-0.33596756051847493
J Botha,75.0,72.0,40.5,4.57,53.0,-0.2623842504100568,0.573914629669873,-0.342821624989806,0.8613448367257864,-0.33870552295397754
RS Kalpage,81.0,73.0,40.75,4.5,54.2,-0.24928969291412786,0.5983112482350027,-0.4620732267380027,0.9707195375019115,-0.3390618129782598
S Sreesanth,52.0,75.0,33.44,6.07,33.0,-0.22310057792227006,-0.11504587860938824,2.21256984104297,-0.9615668428762945,-0.3397644243698894
Arshad Ayub,32.0,31.0,39.22,4.12,57.0,-0.7992611077431422,0.4490039426164092,-1.109439064799639,1.2259271726462027,-0.34118828955152875
GJ Whittall,112.0,88.0,39.55,5.14,46.1,-0.052871330475194184,0.4812074791223801,0.6282271321026478,0.23244030726306864,-0.34868656224082273
SPD Smith,39.0,28.0,34.39,5.4,38.2,-0.8385447802309289,-0.022338728061895324,1.0711616528816634,-0.4876098061797532,-0.349939474717736
CB Mpofu,82.0,91.0,38.6,5.4,42.8,-0.013587657987407449,0.3885003285748879,1.0711616528816634,-0.0683401198712751,-0.3512273798931709
KS Williamson,65.0,37.0,35.4,5.35,39.6,-0.7206937627675687,0.07622361094122823,0.9859819373472364,-0.36000598860760763,-0.3557233306121064
Tauseef Ahmed,67.0,55.0,40.85,4.14,59.0,-0.4849917278408483,0.6080698956610546,-1.0753671785858694,1.4082183406064106,-0.35647819638061107
NN Odhiambo,67.0,70.0,36.92,5.52,40.1,-0.28857336540191464,0.22455505181721674,1.2755929701642843,-0.31443319661755564,-0.368572047691465
SR Tendulkar,270.0,154.0,44.48,5.1,52.2,0.811369464256114,0.9623087972267366,0.560083359675107,0.7884283695417034,-0.37486276554685827
V Sehwag,146.0,96.0,40.13,5.26,45.7,0.051885129492237114,0.5378076341934814,0.8326584493852701,0.19598207367102713,-0.3786407569393854
RS Bopara,74.0,40.0,38.07,4.91,46.5,-0.6814100902797819,0.33677949721681294,0.23640044064428964,0.2688985408551101,-0.3808721422489987
MR Marsh,50.0,44.0,35.54,5.52,38.6,-0.6290318602960664,0.08988571733770089,1.2755929701642843,-0.4511515725877117,-0.38583974380258496
DJ Nash,78.0,64.0,40.96,4.6,53.3,-0.3671407103774881,0.6188044078297117,-0.29171379566915157,0.8886885119198173,-0.39572995861446636
A Zampa,48.0,65.0,36.35,5.71,38.1,-0.35404615288155916,0.16893076148872113,1.599275889195103,-0.4967243645777637,-0.406382109746905
Shafiul Islam,59.0,69.0,35.55,5.92,36.0,-0.3016679228978435,0.09086158208030587,1.9570306944396918,-0.6881300909359823,-0.4153575271204647
ADR Campbell,30.0,12.0,36.16,5.11,42.4,-1.0480577001657916,0.15038933137922214,0.5771193027819934,-0.10479835346331659,-0.41769199521592265
XJ Doherty,56.0,55.0,40.43,4.77,50.7,-0.4849917278408483,0.5670835764716368,-0.00210276285210375,0.6517099935715474,-0.42542063375798217
CH Morris,40.0,48.0,36.58,5.56,39.4,-0.5766536303123507,0.19137565056864012,1.343736742591825,-0.3782351054036287,-0.43338272951729684
MR Gillespie,31.0,37.0,37.0,5.4,41.1,-0.7206937627675687,0.23236196975805806,1.0711616528816634,-0.2232876126374516,-0.45023244319245964
KM Jadhav,42.0,27.0,37.77,5.15,43.9,-0.8516393377268578,0.30750355493865766,0.6452630752095342,0.03192002250683947,-0.45908149759547223
DJ Willey,45.0,52.0,36.32,5.75,37.9,-0.5242754003286351,0.16600316726090547,1.667419661622644,-0.5149534813737848,-0.4606861869595999
IS Sodhi,30.0,39.0,36.66,5.54,39.6,-0.6945046477757109,0.19918256850948143,1.3096648563780553,-0.36000598860760763,-0.46083652101391
P Utseya,160.0,133.0,46.9,4.36,64.4,0.5363837568416069,1.1984680649371917,-0.7005764302343945,1.900404494098973,-0.46547809299004084
Aamer Sohail,125.0,85.0,43.56,4.59,56.8,-0.09215500296298093,0.8725292409070601,-0.3087497387760364,1.2076980558501815,-0.46590814023604654
JA Morkel,52.0,50.0,37.98,5.49,41.4,-0.5504645153204929,0.32799671453336593,1.2244851408436297,-0.19594393744342062,-0.47675060831351695
AF Milne,39.0,41.0,38.56,5.26,43.9,-0.668315532783853,0.38459686960446726,0.8326584493852701,0.03192002250683947,-0.47937271857010744
Akram Raza,48.0,38.0,42.39,3.71,68.4,-0.7075992052716398,0.7583530660222532,-1.8079127321819315,2.264986830019389,-0.4807565922828376
EAE Baptiste,43.0,36.0,41.97,4.09,61.5,-0.7337883202634976,0.7173667468328352,-1.160546894120295,1.6360823005566707,-0.48167261838317715
JEC Franklin,97.0,81.0,41.4,5.22,47.5,-0.14453323294669657,0.6617424565043396,0.7645146769577293,0.36004412483521414,-0.4827086228109949
AY Karim,33.0,27.0,41.25,4.26,58.0,-0.8516393377268578,0.647104485365262,-0.8709358613032472,1.3170727566263065,-0.4862201796037948
Naeem Islam,48.0,35.0,40.2,4.84,49.8,-0.7468828777594265,0.5446386873917177,0.11714883889609294,0.5696789679894532,-0.49458734300917256
CJ Jordan,31.0,43.0,35.37,5.95,35.6,-0.6421264177919953,0.07329601671341256,2.0081385237603477,-0.7245883245280238,-0.49974315843443295
Mehidy Hasan Miraz,37.0,37.0,41.08,4.66,52.8,-0.7206937627675687,0.6305147847409737,-0.18949813702783969,0.8431157199297653,-0.5012065326026169
RD Berrington,51.0,32.0,38.37,5.28,43.5,-0.7861665502472133,0.36605543949496827,0.8667303355990412,-0.004538211085202012,-0.5036035285640053
MA Wood,50.0,61.0,39.09,5.53,42.3,-0.4064243828652748,0.4363177009625422,1.2926289132711706,-0.11391291186132713,-0.5053645213094151
TM Dilshan,204.0,106.0,45.07,4.87,55.4,0.18283070445152624,1.0198848170404429,0.1682566682167489,1.0800942382780359,-0.5213512547709254
GA Gooch,60.0,36.0,42.11,4.4,57.3,-0.7337883202634976,0.7310288532293079,-0.6324326578068539,1.2532708478402335,-0.5214138408815463
M Amarnath,64.0,46.0,42.84,4.33,59.3,-0.6028427453042086,0.8022669794394868,-0.7516842595550505,1.4355620158004416,-0.5222468702472716
DA Marillier,35.0,30.0,41.16,4.7,52.4,-0.8123556652390711,0.638321702681815,-0.12135436460029893,0.8066574863377238,-0.5339951224145777
RR Singh,117.0,69.0,43.26,4.79,54.1,-0.3016679228978435,0.8432532986289041,0.031969123361667386,0.961604979103901,-0.5346238309980791
SB Doull,42.0,36.0,40.52,5.01,48.4,-0.7337883202634976,0.5758663591550837,0.40675987171314076,0.44207515041730766,-0.5396224253872574
GF Labrooy,44.0,45.0,41.68,4.87,51.2,-0.6159373028001375,0.6890666692972849,0.1682566682167489,0.6972827855615994,-0.5426358564689426
RK Chauhan,34.0,29.0,41.93,4.46,56.3,-0.825450222735,0.7134632878624145,-0.5302169991655434,1.1621252638601294,-0.5427054438230001
RC Irani,30.0,24.0,41.2,4.62,53.4,-0.8909230102146446,0.6422251616522363,-0.25764190945538046,0.8978030703178279,-0.5433273331823321
N Pradeep,40.0,54.0,37.0,6.0,36.9,-0.49808628533677723,0.23236196975805806,2.0933182392947733,-0.6060990653538888,-0.5544168572589299
Nasir Hossain,43.0,24.0,41.16,4.71,52.3,-0.8909230102146446,0.638321702681815,-0.10431842149341412,0.7975429279397133,-0.5556173048356896
DJ Hussey,39.0,18.0,38.77,5.22,44.5,-0.9694903551902181,0.40509002919917625,0.7645146769577293,0.08660737289490203,-0.5564256085605065
SM Ervine,40.0,41.0,38.07,5.67,40.2,-0.668315532783853,0.33677949721681294,1.5311321167675624,-0.3053186382195451,-0.5577271271371709
DN Crookes,30.0,25.0,40.44,4.96,48.8,-0.8778284527187157,0.5680594412142417,0.3215801561787152,0.47853338400934914,-0.5615003585302555
Khaled Mahmud,75.0,67.0,42.76,5.07,50.5,-0.32785703788970133,0.7944600614986448,0.5089755303544526,0.6334808767755263,-0.5661933766295814
Mohammad Ashraful,40.0,18.0,36.72,5.69,38.7,-0.9694903551902181,0.20503775696511276,1.5652040029813337,-0.44203701418970115,-0.5744237752367409
KA Pollard,74.0,52.0,38.94,5.74,40.6,-0.5242754003286351,0.42167972982346386,1.650383718515759,-0.2688604046275036,-0.5818696110100886
AM Blignaut,53.0,50.0,41.26,5.27,46.9,-0.5504645153204929,0.6480803501078669,0.849694392492155,0.3053567744471516,-0.5883990080919166
KM Dabengwa,35.0,23.0,40.69,5.06,48.2,-0.9040175677105735,0.5924560597793713,0.4919395872475663,0.42384603362128725,-0.6030648120896995
R Vinay Kumar,31.0,38.0,37.44,5.94,37.7,-0.7075992052716398,0.27530001843268603,1.9911025806534628,-0.5331825981698052,-0.6102048015469959
HH Pandya,53.0,54.0,40.64,5.56,43.8,-0.49808628533677723,0.5875767360663456,1.343736742591825,0.022805464108828943,-0.6130513070259442
Manzoor Elahi,49.0,29.0,43.51,4.34,60.1,-0.825450222735,0.8676499171940337,-0.7346483164481658,1.5084784829845252,-0.6167325766163483
L Balaji,30.0,34.0,39.52,5.57,42.5,-0.7599774352553554,0.47827988489456513,1.3607726856987112,-0.09568379506530605,-0.6258365526958314
E Chigumbura,132.0,101.0,42.31,5.91,42.9,0.11735791697188168,0.7505461480814118,1.9399947513328069,-0.05922556147326457,-0.6284893552422681
CN Evans,34.0,21.0,40.38,5.27,45.9,-0.9302066827024313,0.5622042527586111,0.849694392492155,0.21421119046704756,-0.6390791296050612
MN Samuels,134.0,89.0,46.37,4.86,57.2,-0.039776772979265275,1.1467472335791167,0.1512207251098641,1.2441562894422236,-0.6454752552776174
RP Arnold,84.0,40.0,43.47,4.83,53.9,-0.6814100902797819,0.8637464582236131,0.10011289578920814,0.9433758623078798,-0.6471613266501208
DM de Silva,35.0,22.0,40.86,5.24,46.7,-0.9171121252065024,0.6090457604036597,0.7985865631715005,0.2871276576511312,-0.6529680266081984
Tapash Baisya,56.0,59.0,41.55,5.64,44.2,-0.43261349785713266,0.6763804276434172,1.4800242874469065,0.059263697700871074,-0.6620704776620818
PR Stirling,73.0,43.0,44.23,4.77,55.6,-0.6421264177919953,0.9379121786616069,-0.00210276285210375,1.098323355074057,-0.6690647971688888
H Masakadza,85.0,39.0,41.94,5.32,47.2,-0.6945046477757109,0.7144391526050196,0.934874108026582,0.3327004496411832,-0.669129589512124
TBA May,46.0,39.0,45.43,4.24,64.2,-0.6945046477757109,1.0550159477742296,-0.9050077475170168,1.882175377302952,-0.6816720563339689
Imad Wasim,51.0,42.0,44.4,4.83,55.0,-0.6552209752879241,0.9545018792858952,0.10011289578920814,1.0436360046859945,-0.6883679387622554
D Bishoo,40.0,38.0,43.89,4.94,53.2,-0.7075992052716398,0.904732777413031,0.2875082699649456,0.8795739535218075,-0.694853551542856
YK Pathan,50.0,33.0,41.36,5.49,45.1,-0.7730719927512844,0.657838997533919,1.2244851408436297,0.14129472328296458,-0.6991727136029493
Ata-ur-Rehman,30.0,27.0,43.92,4.76,55.2,-0.8516393377268578,0.9076603716408467,-0.01913870595898856,1.0618651214820156,-0.7005065312226829
DJG Sammy,119.0,81.0,47.54,4.66,61.1,-0.14453323294669657,1.2609234084639236,-0.18949813702783969,1.5996240669646293,-0.7038956428368525
M Kartik,36.0,37.0,43.56,5.07,51.5,-0.7206937627675687,0.8725292409070601,0.5089755303544526,0.7246264607556303,-0.7067062486961779
SC Williams,107.0,71.0,46.47,4.85,57.4,-0.2754788079059857,1.1565058810051687,0.13418478200297776,1.262385406238244,-0.707138719288094
C de Grandhomme,38.0,24.0,43.58,4.84,54.0,-0.8909230102146446,0.87448097039227,0.11714883889609294,0.9524904207058904,-0.7087608100522245
AR Nurse,49.0,49.0,43.36,5.34,48.6,-0.5635590728164218,0.8530119460549561,0.9689459942403515,0.46030426721332873,-0.7114553200812646
SD Anurasiri,43.0,32.0,45.75,4.18,65.6,-0.7861665502472133,1.0862436195375955,-1.0072234061583287,2.009779194875097,-0.7187414896253943
BMAJ Mendis,49.0,28.0,43.0,5.14,50.1,-0.8385447802309289,0.8178808153211694,0.6282271321026478,0.5970226431834847,-0.7204188427095577
A Ranatunga,135.0,79.0,47.55,4.78,59.6,-0.1707223479385544,1.2618992732065286,0.014933180254782573,1.462905690994473,-0.7276151230985847
BA Stokes,80.0,70.0,41.71,6.01,41.6,-0.28857336540191464,0.6919942635251006,2.1103541824016583,-0.17771482064739957,-0.7283017476703184
CR Brathwaite,40.0,43.0,41.06,5.8,42.4,-0.6421264177919953,0.6285630552557636,1.7525993771570696,-0.10479835346331659,-0.7296226241853779
JK Kamande,71.0,48.0,45.18,4.96,54.5,-0.5766536303123507,1.0306193292091,0.3215801561787152,0.9980632126959424,-0.7317290820990271
Mahmudullah,134.0,76.0,46.4,5.17,53.8,-0.21000602042634114,1.1496748278069324,0.6793349614233037,0.9342613039098694,-0.7433192783916117
JP Duminy,135.0,69.0,45.55,5.36,50.9,-0.3016679228978435,1.0667263246854914,1.0030178804541228,0.6699391103675678,-0.7603378096012564
NL McCullum,81.0,63.0,46.92,5.01,56.1,-0.380235267873417,1.2004197944224024,0.40675987171314076,1.1438961470641091,-0.7828277702682673
JA Rennie,43.0,34.0,46.0,4.77,57.7,-0.7599774352553554,1.1106402381027252,-0.00210276285210375,1.2897290814322757,-0.7895609979845631
MO Odumbe,52.0,39.0,46.33,4.84,57.3,-0.6945046477757109,1.1428437746086961,0.11714883889609294,1.2532708478402335,-0.8019420272801834
MG Bevan,67.0,36.0,45.97,5.05,54.6,-0.7337883202634976,1.1077126438749094,0.47490364414068154,1.007177771093953,-0.8308955948432604
MM Ali,95.0,84.0,48.67,5.27,55.4,-0.10524956045890983,1.37119612437831,0.849694392492155,1.0800942382780359,-0.8515585789018526
T Panyangara,65.0,65.0,46.52,5.59,49.8,-0.35404615288155916,1.1613852047181952,1.394844571912481,0.5696789679894532,-0.8699887243754221
VB John,45.0,34.0,48.67,4.29,67.9,-0.7599774352553554,1.37119612437831,-0.8198280319825912,2.219414038029337,-0.8826898914201027
DS de Silva,40.0,32.0,48.65,4.5,64.8,-0.7861665502472133,1.3692443948930992,-0.4620732267380027,1.9368627276910138,-0.9075501115233309
AR Whittall,62.0,45.0,50.02,4.37,68.5,-0.6159373028001375,1.50293786463001,-0.6835404871275098,2.274101388417399,-0.9273590171800092
DN Patel,69.0,45.0,50.24,4.17,72.2,-0.6159373028001375,1.5244068889673241,-1.0242593492652134,2.6113400491437844,-0.9318562229115082
SR Patel,32.0,24.0,45.45,5.51,49.4,-0.8909230102146446,1.0569676772594403,1.2585570270573994,0.5332207343974117,-0.9349171122322241
SJ Benn,46.0,39.0,49.05,4.8,61.2,-0.6945046477757109,1.4082789845973065,0.04900506646855219,1.60873862536264,-0.9401318310510525
CO Obuya,49.0,35.0,46.77,5.4,51.9,-0.7468828777594265,1.1857818232833248,1.0711616528816634,0.7610846943476718,-0.9412277620680216
Shahadat Hossain,50.0,47.0,45.59,5.84,46.7,-0.5897481878082796,1.0706297836559129,1.8207431495846103,0.2871276576511312,-0.9420621946749835
Farhad Reza,32.0,22.0,46.22,5.35,51.7,-0.9171121252065024,1.132109262440039,0.9859819373472364,0.7428555775516514,-0.9445147256363574
MP Stoinis,39.0,33.0,43.81,6.13,42.8,-0.7730719927512844,0.8969258594721897,2.3147854996842803,-0.0683401198712751,-0.9791108080091198
MA Suji,64.0,43.0,50.93,4.45,68.6,-0.6421264177919953,1.5917415562070816,-0.5472529422724283,2.283215946815409,-0.9924577446355144
CJ Chibhabha,58.0,35.0,46.14,5.81,47.6,-0.7468828777594265,1.1243023444991977,1.7696353202639543,0.3691586832332247,-1.0024948064389507
KR Pushpakumara,31.0,24.0,49.2,4.95,59.5,-0.8909230102146446,1.4229169557363848,0.3045442130718304,1.4537911325964628,-1.0180438279048305
Hasibul Hossain,32.0,29.0,46.13,5.83,47.4,-0.825450222735,1.1233264797565927,1.8037072064777255,0.35092956643720363,-1.0258533688516305
TJ Friend,45.0,37.0,48.08,5.53,52.1,-0.7206937627675687,1.3136201045646037,1.2926289132711706,0.7793138111436929,-1.0265641479367589
S Matsikenyeri,38.0,16.0,48.62,5.07,57.5,-0.9956794701820759,1.3663168006652835,0.5089755303544526,1.2714999646362546,-1.0356179414595166
SK Raina,101.0,36.0,50.3,5.11,59.0,-0.7337883202634976,1.5302620774229547,0.5771193027819934,1.4082183406064106,-1.062347010268714
GJ Maxwell,86.0,50.0,50.5,5.61,53.9,-0.5504645153204929,1.5497793722750586,1.4289164581262521,0.9433758623078798,-1.118134052007421
AP Gurusinha,55.0,26.0,52.07,5.12,60.9,-0.8647338952227868,1.7029901368640727,0.5941552458888782,1.5813949501686082,-1.1858185570360864
Alok Kapali,49.0,24.0,52.29,5.18,60.5,-0.8909230102146446,1.7244591612013869,0.6963709045301886,1.5449367165765666,-1.2141724481306966
Manjural Islam,34.0,24.0,53.5,4.84,66.2,-0.8909230102146446,1.8425387950566143,0.11714883889609294,2.06446654526316,-1.2287692973576279
F Behardien,35.0,14.0,51.35,5.76,53.4,-1.0218685851739338,1.6327278753964996,1.6844556047295287,0.8978030703178279,-1.3092137839044473
MA Leask,31.0,19.0,53.63,5.35,60.1,-0.9563957976942892,1.8552250367104821,0.9859819373472364,1.5084784829845252,-1.3265203136841333
GC Smith,43.0,18.0,52.83,5.56,57.0,-0.9694903551902181,1.7771558573020667,1.343736742591825,1.2259271726462027,-1.329077531932578
A Jadeja,52.0,20.0,54.7,5.25,62.4,-0.9433012401983603,1.959642564169237,0.8156225062783853,1.7181133261387642,-1.3591699091961866
JG Bracewell,50.0,33.0,57.09,4.61,74.1,-0.7730719927512844,2.192874237651876,-0.27467785256226523,2.7845166587059813,-1.368946259136719
S Prasanna,39.0,32.0,55.21,5.45,60.7,-0.7861665502472133,2.009411666042101,1.156341368416089,1.5631658333725877,-1.3787713545194977
Aftab Ahmed,30.0,12.0,54.66,5.32,61.5,-1.0480577001657916,1.9557391051988156,0.934874108026582,1.6360823005566707,-1.393688303486965
AO Suji,46.0,21.0,55.95,5.44,61.6,-0.9302066827024313,2.081625656994885,1.1393054253092043,1.6451968589546813,-1.4490836559903004
Mosaddek Hossain,33.0,14.0,56.21,5.23,64.4,-1.0218685851739338,2.1069981403026197,0.7815506200646156,1.900404494098973,-1.4527054599100355
MN Waller,30.0,10.0,56.6,5.09,66.6,-1.0742468151576494,2.145056865264222,0.5430474165682223,2.100924778855201,-1.4658189689613237
LJ Wright,37.0,15.0,58.93,5.1,69.2,-1.0087740276780048,2.3724333502912303,0.560083359675107,2.3379032972034723,-1.5697985087119537
DR Martyn,31.0,12.0,58.66,5.31,66.1,-1.0480577001657916,2.3460850022408897,0.9178381649196956,2.0553519868651486,-1.5918332135478814
JE Root,64.0,22.0,62.0,5.78,64.2,-0.9171121252065024,2.672023826271022,1.7185274909433,1.882175377302952,-1.797459704930944
RG Sharma,38.0,8.0,64.37,5.21,74.1,-1.1004359301495072,2.9033037702684514,0.7474787338508445,2.7845166587059813,-1.883933773243696
ML Nkala,46.0,22.0,71.36,5.95,71.9,-0.9171121252065024,3.5854332253494756,2.0081385237603477,2.5839963739497533,-2.27367006206652
CS MacLeod,31.0,9.0,77.11,5.4,85.5,-1.0873413726535783,4.1465554523474575,1.0711616528816634,3.823576316079168,-2.5321586984904667
V Kohli,48.0,4.0,166.25,6.22,160.2,-1.152814160133223,12.845413767930081,2.4681089876462465,10.632151439392938,-6.774622088775622
