Player,Innings,Runs,Average,Strike Rate,Z_Runs,Z_Average,Z_Strike Rate,Overall_Score
SR Tendulkar,452.0,18426.0,44.83,86.23,6.3424159660852455,1.7420162592052677,0.8233033064633389,2.969245177251284
V Kohli,233.0,11609.0,59.84,93.28,3.665807108748479,3.116621012625956,1.3344812654238287,2.705636462266088
AB de Villiers,218.0,9577.0,53.5,101.09,2.8679680009139026,2.5360084785362047,1.900764933435379,2.434913804295162
MS Dhoni,297.0,10773.0,50.57,87.56,3.337562278950396,2.267681234863812,0.9197382973026936,2.174993937038967
KC Sangakkara,380.0,14234.0,41.98,78.86,4.696480168820213,1.4810153566570359,0.2889229436918759,2.1554728230563747
RT Ponting,365.0,13704.0,42.03,80.39,4.488382370024778,1.4855943198596366,0.3998594369130887,2.1246120422658343
ST Jayasuriya,433.0,13430.0,32.36,91.2,4.3807997344211,0.6000228364766885,1.183665640652507,2.0548294038500985
RG Sharma,214.0,8944.0,49.14,88.88,2.6194285544280334,2.1367228872694364,1.0154482130229552,1.9238665515734747
HM Amla,178.0,8113.0,49.46,88.39,2.2931469114110388,2.16602825176608,0.9799195321874037,1.8130315651215072
AC Gilchrist,279.0,9619.0,35.89,96.94,2.8844587698750503,0.923297638580288,1.5998587590118276,1.802538389155722
V Sehwag,245.0,8273.0,35.05,104.33,2.355968888405887,0.8463710567765984,2.135689272021476,1.7793430724013204
JC Buttler,117.0,3843.0,40.88,119.83,0.6165854003610178,1.380278166199824,3.2595557066154615,1.7521397577254343
CH Gayle,294.0,10480.0,37.83,87.19,3.2225195335785792,1.1009614108411896,0.8929105178962562,1.7387971541053415
JH Kallis,314.0,11579.0,44.36,72.89,3.6540279880619453,1.6989740051008226,-0.14394690240658164,1.7363516969187287
TM Dilshan,303.0,10290.0,39.27,86.23,3.1479184358971968,1.232835551076086,0.8233033064633389,1.7346857644788738
Shahid Afridi,369.0,8064.0,23.57,117.0,2.2739076809563663,-0.20495889454048966,3.0543594479121725,1.707769411442683
DPMD Jayawardene,418.0,12650.0,33.37,78.96,4.074542596571213,0.6925178931692196,0.2961736948828044,1.6877447282077456
LRPL Taylor,212.0,8376.0,47.86,83.0,2.396410536096321,2.0195014292828617,0.5891040429963339,1.6683386694585056
Inzamam-ul-Haq,350.0,11739.0,39.52,74.24,3.716849965056794,1.255730367089089,-0.04606176132904139,1.642172856938947
SC Ganguly,300.0,11363.0,41.02,73.7,3.5692183191188995,1.3930992631671055,-0.08521581776005707,1.625700588175316
BC Lara,289.0,10405.0,40.48,79.51,3.193071731862244,1.343646460579019,0.33605282643291434,1.6242570062913921
IVA Richards,167.0,6721.0,47.0,90.2,1.7465957115558561,1.9407432621981322,1.1111581287432175,1.599499034165735
JE Root,135.0,5856.0,51.36,87.37,1.406964398427456,2.3400288534649007,0.9059618700399288,1.5509850406440953
EJG Morgan,217.0,7348.0,39.71,91.24,1.992779333904419,1.2731304272589707,1.186565941128878,1.4841585674307558
Yuvraj Singh,278.0,8701.0,36.55,87.67,2.524017676867107,0.9837399528546151,0.9277141236127154,1.4784905844448124
RN ten Doeschate,32.0,1541.0,67.0,87.7,-0.28726579365236565,3.7723285432383555,0.9298893489699942,1.4716506995186611
Mohammad Yousuf,273.0,9720.0,41.71,75.1,2.9241151428530485,1.4562889553629932,0.016294698912947433,1.465566265709663
DA Warner,114.0,4990.0,45.77,95.55,1.0669404479428384,1.8281007674141587,1.4990733174579154,1.4647048442716373
S Dhawan,131.0,5518.0,44.5,94.01,1.2742529720258386,1.7117951020681041,1.3874117491176103,1.4578199410705177
JM Bairstow,68.0,2861.0,47.68,104.07,0.2310155165551349,2.0030171617534998,2.1168373189250604,1.4502899990778984
GJ Maxwell,100.0,2877.0,32.32,123.37,0.23729771425461973,0.5963596659146081,3.516232298774346,1.4499632263145248
JJ Roy,81.0,3381.0,42.79,107.4,0.4351869417883927,1.555194560539165,2.3582873335829952,1.4495562786368508
R Dravid,318.0,10889.0,39.16,71.24,3.3831082122716607,1.2227618320303641,-0.2635842970569095,1.4474285824150381
MG Bevan,196.0,6912.0,53.58,74.16,1.8215894465934568,2.5433348196603656,-0.05186236228178442,1.4376873013240126
Q de Kock,115.0,4907.0,45.01,95.2,1.0343515473767606,1.7585005267346299,1.4736956882896646,1.4221825874670184
MJ Clarke,223.0,7981.0,44.58,78.98,2.2413187803902885,1.719121443192265,0.29762384512099094,1.4193546895678482
F du Plessis,136.0,5507.0,47.47,88.6,1.2699339611074427,1.9837855163025773,0.995146109688354,1.4162885290327913
Saeed Anwar,244.0,8824.0,39.21,80.67,2.572312071681897,1.2273407952329651,0.4201615402476898,1.406604802387517
MEK Hussey,157.0,5442.0,48.15,87.16,1.2444125329532856,2.046059415857945,0.8907352925389774,1.393735747116736
MJ Guptill,176.0,6626.0,42.2,87.34,1.709295162715165,1.5011627947484787,0.90378664468265,1.3714148673820978
KS Williamson,142.0,6132.0,47.9,81.82,1.51533230874357,2.023164599844942,0.5035451789433719,1.3473473625106278
PA de Silva,296.0,9284.0,34.9,81.13,2.7529252555420864,0.8326341671687968,0.45351499572596243,1.3463581394789483
Babar Azam,72.0,3359.0,54.17,87.08,0.426548919951601,2.5973665854510526,0.8849346915862344,1.3029500656629625
SR Watson,169.0,5757.0,40.54,90.44,1.3680933001618936,1.34914121642214,1.1285599316014467,1.2819314827284933
HH Gibbs,240.0,8094.0,36.13,83.26,2.2856868016429,0.9452766619527709,0.6079559960927495,1.2796398198961403
ME Waugh,236.0,8500.0,39.35,76.9,2.4450975682673284,1.2401618922002469,0.14680822034966914,1.2773558936057483
M Azharuddin,308.0,9378.0,36.92,74.02,2.78983316702656,1.0176242805538598,-0.06201341394908497,1.2484813445437783
S Chanderpaul,251.0,8778.0,41.6,70.74,2.554250753295878,1.446215236317272,-0.2998380530115542,1.2335426455338652
A Symonds,161.0,5088.0,39.75,92.44,1.105418908852183,1.2767935978210512,1.2735749554200255,1.2185958206977532
AD Russell,47.0,1034.0,27.21,130.22,-0.486332933254792,0.12838962660883108,4.012908755352978,1.2183218162356722
AD Mathews,184.0,5812.0,42.73,83.33,1.3896883547538728,1.5496998046960442,0.6130315219263993,1.1841398937921055
SK Raina,194.0,5615.0,35.31,93.5,1.3123387955789654,0.8701816654301218,1.3504329180438723,1.1776511263509866
BB McCullum,228.0,6083.0,30.41,96.37,1.4960930782888975,0.4214432715752668,1.5585294772235332,1.1586886090292325
ML Hayden,155.0,6133.0,43.8,78.96,1.5157249460997877,1.6476896172316962,0.2961736948828044,1.1531960860714292
Imad Wasim,39.0,952.0,41.39,109.67,-0.5185291964646519,1.4269835908663495,2.5228793856170815,1.1437779266729264
GC Smith,194.0,6989.0,37.98,80.81,1.8518225230222276,1.114698300448991,0.43031259191499033,1.1322778051287363
Shoaib Malik,258.0,7534.0,34.55,81.9,2.0658098821609303,0.8005814247505928,0.509345779896116,1.1252456956025463
DA Miller,110.0,3058.0,38.7,100.13,0.3083650757300421,1.1806353705664396,1.8311577220024606,1.1067193894329808
AJ Finch,115.0,4559.0,40.34,89.51,0.8977137474129651,1.330825363611738,1.061127945525808,1.096555685516837
Shakib Al Hasan,194.0,6323.0,37.86,82.75,1.5903260437811704,1.10370878876275,0.5709771650190115,1.0883373325209773
Fakhar Zaman,46.0,1958.0,46.61,95.23,-0.12353601610954161,1.9050273492178478,1.4758709136469432,1.085787415585083
G Gambhir,143.0,5238.0,39.68,85.25,1.1643145122848535,1.2703830493374104,0.752245944792235,1.0623145021381664
A Ranatunga,255.0,7456.0,35.84,77.9,2.0351841683759417,0.9187186753776878,0.2193157322589585,1.0577395253375292
SO Hetmyer,40.0,1416.0,38.27,107.02,-0.3363454631795911,1.141256287024075,2.3307344790574644,1.045215100967316
KM Jadhav,50.0,1354.0,42.31,102.18,-0.36068897926509486,1.5112365137941999,1.9797981214165046,1.0434485519818697
DL Haynes,237.0,8648.0,41.37,63.09,2.5032078969875635,1.425152005585309,-0.8545205191176173,1.0246131278184185
KP Pietersen,125.0,4440.0,40.73,86.58,0.8509899020230465,1.3665412765920217,0.8486809356315898,1.022070704748886
DM Jones,161.0,6068.0,44.61,72.56,1.4902035179456303,1.7218688211138253,-0.167874381336647,1.0147326525742695
MS Atapattu,259.0,8529.0,37.57,67.72,2.456484051597645,1.0771508021876668,-0.5188107389776079,1.004941371602568
L Klusener,137.0,3576.0,41.1,89.91,0.5117512262508643,1.4004256042912664,1.0901309502895233,1.000769260277218
RR Sarwan,169.0,5804.0,42.67,75.74,1.3865472559041303,1.544205048852924,0.06269950653489267,0.9978172704306489
G Kirsten,185.0,6798.0,40.95,72.04,1.7768287879846272,1.3866887146834648,-0.20557828752947718,0.9859797383795381
Tamim Iqbal,202.0,6892.0,35.52,77.74,1.8137366994691007,0.8894133108810441,0.20771453035347143,0.9702881802345387
BA Stokes,81.0,2682.0,40.63,93.94,0.16073342979214805,1.3573833501868213,1.3823362232839596,0.9668176677543097
Javed Miandad,218.0,7381.0,41.7,67.01,2.0057363666596064,1.4553731627224733,-0.5702910724332029,0.9636061523162924
SPD Smith,104.0,3810.0,41.41,86.31,0.6036283676058303,1.4288151761473893,0.8291039074160819,0.953849150389767
Zaheer Abbas,60.0,2572.0,47.62,84.8,0.11754332060818969,1.9975224059103789,0.7196175644330546,0.9448944303172078
JP Duminy,179.0,5117.0,36.81,84.55,1.1168053921824994,1.0075505615081386,0.7014906864557322,0.9419488800487901
HH Pandya,38.0,957.0,29.9,115.57,-0.5165660096835628,0.37473784690874096,2.950673705881888,0.9362818477023553
SR Waugh,288.0,7569.0,32.9,75.91,2.0795521896285534,0.6494756390647745,0.075025783559472,0.9346845374175998
DR Martyn,182.0,5346.0,40.8,77.73,1.2067193467563764,1.3729518250756627,0.2069894552343792,0.928886875688806
Mushfiqur Rahim,202.0,6100.0,36.3,79.03,1.5027679133446001,0.9608451368416123,0.30124922071645516,0.9216207569675557
Imam-ul-Haq,37.0,1723.0,53.84,80.47,-0.2158057948207254,2.567145428313889,0.4056600378658317,0.9189998904529983
JN Rhodes,220.0,5935.0,35.11,80.9,1.4379827495686626,0.8518658126197193,0.4368382679868266,0.9088956100584027
SD Hope,67.0,3007.0,52.75,74.32,0.28834057056293416,2.4673240304971964,-0.040261160376298365,0.905134480227944
IJL Trott,65.0,2819.0,51.25,77.06,0.21452474759398713,2.32995513441918,0.1584094222551552,0.900963101422774
Saleem Malik,256.0,7170.0,32.88,76.41,1.92288988449765,0.6476440537837346,0.11127953951411668,0.8939378259318338
Ijaz Ahmed,232.0,6564.0,32.33,80.3,1.684951646629661,0.5972754585551281,0.3933337608412524,0.8918536220086805
AD Hales,67.0,2419.0,37.79,95.72,0.057469805106865765,1.0972982402791092,1.5113995944824947,0.8887225466228231
Misbah-ul-Haq,149.0,5122.0,43.4,73.75,1.1187685789635884,1.6110579116108918,-0.08159044216459281,0.8827453494699624
WU Tharanga,223.0,6951.0,33.74,75.92,1.836902303485951,0.7264022208684642,0.07575085867856525,0.87968512767766
A Flower,208.0,6786.0,35.34,74.59,1.7721171397100135,0.8729290433516822,-0.02068413216078949,0.874787350300302
SP Fleming,269.0,8037.0,32.4,71.49,2.2633064723384857,0.6036860070387688,-0.24545741907958718,0.8738450200992224
PR Stirling,111.0,4038.0,37.04,87.27,0.6931496848234895,1.0286137922401009,0.8987111188489992,0.8734915319708632
ME Trescothick,122.0,4335.0,37.37,85.21,0.8097629796201771,1.0588349493772644,0.7493456443158629,0.8726478577711014
WJ Cronje,175.0,5565.0,38.64,76.47,1.2927069277680754,1.1751406147233188,0.1156299902286742,0.861159177573356
BRM Taylor,192.0,6293.0,35.55,76.22,1.5785469230946363,0.8921606888026039,0.09750311225135186,0.856070241382864
NJ Astle,217.0,7090.0,34.92,72.64,1.8914788960002258,0.8344657524498373,-0.16207378038390396,0.8546236226887197
KJ Coetzer,57.0,2409.0,43.8,86.18,0.053543431544687735,1.6476896172316962,0.8196779308678747,0.8403036598814194
IR Bell,157.0,5416.0,37.87,77.16,1.2342039616916225,1.1046245814032698,0.16566017344608372,0.8348295721803253
Younis Khan,255.0,7249.0,31.24,75.29,1.9539082356388564,0.4974540607384359,0.03007112617571328,0.827144474184335
Mohammad Hafeez,216.0,6614.0,32.9,76.61,1.7045835144405512,0.6494756390647745,0.12578104189597475,0.8266133984671001
JP Faulkner,52.0,1032.0,34.4,104.24,-0.48711820796722755,0.7868445351427912,2.12916359594964,0.8096299743750678
CL Hooper,206.0,5761.0,35.34,76.63,1.3696638495867648,0.8729290433516822,0.12723119213416026,0.789941361690869
Haris Sohail,40.0,1614.0,46.11,85.17,-0.258603266648466,1.8592377171918422,0.746445343839492,0.7823599314609561
YK Pathan,41.0,810.0,27.0,113.6,-0.57428370104758,0.10915798115790866,2.8078339074205885,0.7809027291769723
L Ronchi,68.0,1397.0,23.67,114.5,-0.34380557294772934,-0.1958009681352884,2.8730906681389494,0.7778280423519772
GJ Bailey,85.0,3044.0,40.58,83.51,0.3028681527429929,1.3528043869842203,0.6260828740700719,0.7605851379324283
Soumya Sarkar,54.0,1728.0,33.88,98.57,-0.2138426080396364,0.7392233178357458,1.718046003423969,0.7478089044066928
RR Rossouw,35.0,1239.0,38.71,94.36,-0.40584227523014227,1.1815511632069595,1.4127893782858612,0.7294994220875595
CJ Anderson,45.0,1109.0,27.72,108.72,-0.4568851315384567,0.1750950512753566,2.4539972493032565,0.7240690563467188
CG Greenidge,127.0,5134.0,45.03,64.92,1.123480227238202,1.7603321120156703,-0.7218317723236178,0.7206601889767514
PD Collingwood,181.0,5092.0,35.36,76.98,1.1069894582770543,0.8747606286327221,0.15260882130241216,0.7114529694040628
AJ Strauss,126.0,4205.0,35.63,80.94,0.7587201233118627,0.8994870299267653,0.43973856846319764,0.6993152405672752
NLTC Perera,128.0,2210.0,19.73,111.67,-0.02459140234265515,-0.5566232685002126,2.6678944094356605,0.6955599128642642
CL Cairns,193.0,4950.0,29.46,84.26,1.0512349536941261,0.3344429707258562,0.6804635080020389,0.6887138108073404
SE Marsh,72.0,2773.0,40.77,81.41,0.19646342920796817,1.3702044471541028,0.4738170990605636,0.6801616584742115
AT Rayudu,50.0,1694.0,47.05,79.04,-0.2271922781510417,1.9453222254007325,0.3019742958355484,0.6733680810284131
A Flintoff,122.0,3394.0,32.01,88.82,0.4402912274192241,0.5679700940584844,1.0110977623083977,0.6731196945953687
DS Lehmann,101.0,3078.0,38.96,81.34,0.3162178228543982,1.2044459792199624,0.4687415732269138,0.6631351251004247
MDKJ Perera,93.0,2739.0,31.12,93.0,0.18311375909656286,0.4864645490521948,1.3141791620892276,0.6612524900793284
MN Samuels,196.0,5606.0,32.97,75.11,1.3088050593730052,0.6558861875484153,0.017019774032040698,0.6605703403178204
AJ Lamb,118.0,4010.0,39.31,75.54,0.682155838849391,1.2364987216381664,0.04819800415303562,0.6556175215468643
KJ O'Brien,130.0,3490.0,30.88,88.98,0.4779844136161332,0.4644855256797119,1.0226989642138846,0.6550563011699099
MD Crowe,140.0,4704.0,38.55,72.63,0.9546461640645466,1.1668984809586376,-0.16279885550299725,0.6529152631733955
Rizwan Cheema,32.0,764.0,24.64,111.53,-0.5923450194335989,-0.10696908200483768,2.65774335776836,0.6528097521099744
Umar Akmal,110.0,3194.0,34.34,86.04,0.3617637561756634,0.781349779299671,0.8095268792005741,0.6508801382253028
Abdul Razzaq,228.0,5080.0,29.7,81.25,1.1022778100024406,0.35642199409833875,0.4622158971550775,0.6403052337519523
MV Boucher,221.0,4686.0,28.57,84.76,0.9475786916526261,0.25293742571956623,0.7167172639566836,0.6390777937762919
A Jadeja,179.0,5359.0,37.47,69.8,1.2118236323872078,1.0679928757824655,-0.36799511420628606,0.6372737979877957
Mohammad Naveed,34.0,397.0,16.54,122.91,-0.7364429291655328,-0.8487611208261283,3.4828788432960724,0.6325582644348037
MM Ali,82.0,1766.0,25.59,104.06,-0.19892238850335986,-0.01996878115542712,2.1161122438059685,0.6324070247157272
MR Marsh,49.0,1428.0,35.7,93.08,-0.3316338149049774,0.9058975784104062,1.3199797630419707,0.6314145088491332
Mohammad Shahzad,84.0,2727.0,33.66,88.48,0.1784021108219492,0.7190758797443028,0.98644520825924,0.6279743996084972
N Kapil Dev,198.0,3783.0,23.79,95.07,0.5930271589879497,-0.1848114564490473,1.4642697117414563,0.6241618047601195
UT Khawaja,39.0,1554.0,42.0,84.09,-0.28216150802153417,1.4828469419380763,0.6681372309774596,0.6229408882980005
GW Flower,214.0,6571.0,33.52,67.58,1.6877001081231857,0.7062547827770218,-0.5289617906449083,0.6216643667517663
AR Border,252.0,6524.0,30.62,71.42,1.669246152380949,0.4406749170261892,-0.2505329449132369,0.6197960414979671
JDS Neesham,50.0,1247.0,31.17,98.96,-0.4027011763803998,0.4910435122547954,1.7463239330685918,0.6115554229809959
SC Williams,127.0,3717.0,34.1,81.76,0.5671130934775745,0.7593707559271882,0.49919472822881544,0.6085595258778593
SB Styris,161.0,4483.0,32.48,79.41,0.867873308340412,0.6110123481629296,0.3288020752419848,0.6025625772484421
JD Ryder,42.0,1362.0,33.21,95.31,-0.35754788041535246,0.6778652109208981,1.4816715145996864,0.6006629483684107
DC Boon,177.0,5964.0,37.04,65.13,1.449369232898979,1.0286137922401009,-0.7066051948226676,0.5904592767721374
N Dickwella,49.0,1571.0,32.72,93.56,-0.2754866729658315,0.6329913715354125,1.3547833687584299,0.5707626891093369
C Munro,53.0,1271.0,24.92,104.69,-0.39327787983117257,-0.08132688807027444,2.1617919763088205,0.5623957361357911
Sarfaraz Ahmed,90.0,2302.0,33.85,87.79,0.011531234429382767,0.7364759399141854,0.9364150250418305,0.5614740664617995
F Behardien,49.0,1074.0,30.68,97.9,-0.47062743900607984,0.44616967286930975,1.669465970444746,0.5483360681026587
NV Knight,100.0,3637.0,40.41,71.52,0.5357021049801504,1.3372359120953783,-0.24328219372230842,0.5432186077844067
JM Davison,32.0,799.0,26.63,104.17,-0.5786027119659758,0.07527365345866442,2.1240880701159903,0.5402530038695597
CS MacLeod,64.0,2175.0,37.5,82.92,-0.03833370981027827,1.070740253704026,0.5833034420435909,0.5385699953124462
GA Hick,118.0,3846.0,37.33,74.08,0.6177633124296712,1.055171778815184,-0.057662963234527444,0.5384240426701092
CH Lloyd,69.0,1977.0,39.54,81.22,-0.11607590634140334,1.2575619523701287,0.46004067179779873,0.533842239275508
DJG Sammy,105.0,1871.0,24.94,100.05,-0.1576954661004905,-0.07949530278923425,1.8253571210497175,0.5293887840533309
DJ Hussey,61.0,1796.0,32.65,90.7,-0.18714326781682578,0.6265808230517717,1.1474118846978623,0.528949813310936
BJ Haddin,115.0,3122.0,31.53,84.24,0.3334938665279816,0.5240120473135194,0.6790133577638524,0.5121730905351178
Mahmudullah,160.0,3994.0,33.84,76.48,0.6758736411499061,0.7355601472736654,0.11635506534776748,0.509262951257113
AN Cook,92.0,3204.0,36.4,77.13,0.36569012973784143,0.9700030632468136,0.16348494808880495,0.49972604702448664
NS Sidhu,127.0,4413.0,37.08,69.72,0.8403886934051658,1.032276962802181,-0.3737957151590291,0.49962331368277246
TM Head,39.0,1273.0,34.4,90.02,-0.39249260511873696,0.7868445351427912,1.0981067765995451,0.4974862355411998
MP Stoinis,38.0,1050.0,33.87,91.86,-0.4800507355553071,0.7383075251952252,1.2315205985126378,0.49659246271751867
KA Pollard,99.0,2398.0,26.06,94.14,0.04922442062629189,0.02307347294901803,1.3968377256658175,0.4897118730803758
RB Richardson,217.0,6248.0,33.41,63.74,1.560878242064835,0.6961810637313,-0.8073906363765793,0.48322288980651856
HH Dippenaar,95.0,3421.0,42.23,67.78,0.45089243603710477,1.5039101726700386,-0.5144602882630503,0.48011410681469774
RL Powell,100.0,2085.0,24.82,96.66,-0.07367107186988057,-0.09048481447547568,1.5795566556772265,0.4718002564439567
AM Rahane,87.0,2962.0,35.26,78.63,0.27067188953313304,0.8656027022275208,0.272246215952739,0.4695069359044642
SM Pollock,205.0,3519.0,26.45,86.69,0.48937089694644953,0.05878938592930244,0.8566567619416116,0.46827234827245445
RG Twose,81.0,2717.0,38.81,75.4,0.1744757372597712,1.1907090896121608,0.03804695248573507,0.46774392645255564
Sikandar Raza,93.0,2656.0,34.05,81.74,0.15052485853048517,0.7547917927245872,0.49774457799062893,0.46768707641523377
GS Chappell,72.0,2331.0,40.18,75.7,0.022917717759699065,1.316172681363416,0.059799206058521674,0.4662965350605456
H Masakadza,208.0,5658.0,27.73,73.21,1.3292222018963311,0.17601084391587685,-0.12074449859560953,0.46149618240553286
RP Arnold,155.0,3950.0,35.26,72.57,0.6585975974763228,0.8656027022275208,-0.16714930621755478,0.4523503311620962
Salman Butt,78.0,2725.0,36.82,76.28,0.17761683610951362,1.0084663541486585,0.10185356296590939,0.42931225107469384
RA Jadeja,106.0,2188.0,31.25,86.04,-0.033229424179446826,0.4983698533789562,0.8095268792005741,0.4248891028000278
CD McMillan,183.0,4707.0,28.18,75.94,0.9558240761332,0.2172215127392818,0.07720100891675076,0.4167488659297442
TWM Latham,88.0,2550.0,32.27,82.36,0.10890529877139801,0.5917807027120079,0.5426992353743887,0.41446174561926485
MD Gunathilaka,37.0,1249.0,34.69,85.9,-0.4019159016679642,0.8134025217178744,0.7993758275332735,0.40362081586106124
JO Holder,89.0,1798.0,25.68,94.28,-0.18635799310439016,-0.011726647390746126,1.4069887773331182,0.40296804561266064
Najibullah Zadran,62.0,1586.0,29.92,89.85,-0.26959711262256447,0.37656943218978145,1.0857804995749658,0.39758427304739424
GM Turner,40.0,1598.0,47.0,68.05,-0.26488546434795085,1.9407432621981322,-0.49488326004754246,0.39365817926754626
Mohammad Nabi,112.0,2782.0,27.82,85.54,0.1999971654139284,0.18425297768055784,0.7732731232459293,0.3858410887801385
GD Elliott,69.0,1976.0,34.06,81.78,-0.11646854369762115,0.7557075853651077,0.500644878467001,0.37996130671149586
Rameez Raja,197.0,5841.0,32.09,63.31,1.401074838084189,0.5752964351826458,-0.8385688664975737,0.379267468923087
E Chigumbura,198.0,4340.0,25.23,80.02,0.8117261664012662,-0.05293731621415109,0.3730316575066513,0.3772735025645888
Imran Khan,151.0,3709.0,33.41,72.65,0.5639719946278322,0.6961810637313,-0.1613487052648107,0.36626811769810713
LD Chandimal,132.0,3599.0,32.42,74.12,0.5207818854438738,0.6055175923198094,-0.05476266275815541,0.35717893833517594
EC Joyce,77.0,2622.0,38.0,72.23,0.13717518841907986,1.1165298857300316,-0.19180186026671237,0.3539677379607997
Kamran Akmal,138.0,3236.0,26.09,83.94,0.3782545251368112,0.02582085087057847,0.6572611041910658,0.35377882673281846
JA Morkel,43.0,782.0,23.69,100.25,-0.5852775470216784,-0.19396938285424822,1.8398586234315757,0.35353723118521635
CL White,77.0,2072.0,33.96,80.12,-0.07877535750071202,0.7465496589599065,0.38028240869758084,0.3493522367189251
AL Phehlukwayo,32.0,549.0,32.29,90.0,-0.6767620510204266,0.5936122879930477,1.0966566263613595,0.3378356211113268
C Kieswetter,40.0,1054.0,30.11,89.93,-0.4784801861304359,0.3939694923596634,1.0915811005277098,0.33569013558564575
AM Blignaut,41.0,626.0,18.96,106.28,-0.6465289745916557,-0.6271393018202611,2.2770789202445907,0.3344702146108912
AJ Stewart,162.0,4677.0,31.6,68.36,0.9440449554466659,0.5304225957971602,-0.4724059313556626,0.3340205399627212
HDRL Thirimanne,106.0,3194.0,34.71,72.27,0.3617637561756634,0.8152341069989149,-0.18890155979034137,0.32936543446141225
NH Fairbrother,71.0,2092.0,39.47,72.06,-0.07092261037635596,1.251151403886488,-0.2041281372912917,0.3253668854062801
DJ Cullinan,133.0,3860.0,32.99,70.28,0.6232602354167205,0.6577177728294558,-0.33319150848982687,0.3159288332521164
ADR Campbell,184.0,5185.0,30.5,66.18,1.14350473240531,0.42968540533994776,-0.6304723073179129,0.31423927680911495
LE Plunkett,50.0,646.0,20.83,102.7,-0.6386762274672997,-0.45588607804300046,2.0175020276093347,0.30764657403301154
JR Hopes,61.0,1326.0,25.01,93.71,-0.3716828252391934,-0.07308475430559344,1.3656594955448227,0.3069639720000119
RA Smith,70.0,2419.0,39.01,69.65,0.057469805106865765,1.2090249424225628,-0.3788712409926788,0.2958745021789166
GA Gooch,122.0,4290.0,36.98,61.88,0.792094298590376,1.02311903639698,-0.9422546085278575,0.29098624215316615
Aamer Sohail,155.0,4780.0,31.86,65.5,0.9844866031370997,0.5542332044506829,-0.6797774154162302,0.28631413072385076
BL Cairns,65.0,987.0,16.72,104.88,-0.5047868889970287,-0.8322768532967664,2.175568403571585,0.2795015537592634
HM Nicholls,43.0,1120.0,33.93,82.41,-0.45256612062006085,0.7438022810383461,0.546324610969853,0.27918692379604604
DI Gower,111.0,3170.0,30.77,75.15,0.3523404596264361,0.4544118066339908,0.019920074508412725,0.2755574469229465
RS Bopara,109.0,2695.0,30.62,77.84,0.1658377154229795,0.4406749170261892,0.21496528154440098,0.2738259713311899
JM Kemp,66.0,1512.0,31.5,83.12,-0.29865227698268193,0.5212646693919589,0.597804944425449,0.2734724456115753
Azhar Ali,53.0,1845.0,36.9,74.45,-0.1679040373621534,1.0157926952728191,-0.030835183828090043,0.2723511580275252
E Lewis,45.0,1402.0,32.6,82.27,-0.3418423861666403,0.6220018598491713,0.5361735593025524,0.27211101099502777
SO Tikolo,130.0,3428.0,29.05,75.77,0.4536408975306294,0.29689547246453163,0.06487473189217144,0.2718037006291108
GP Thorpe,77.0,2380.0,37.18,71.17,0.04215694821437143,1.0414348892073824,-0.2686598228905593,0.2716440048437315
Sabbir Rahman,59.0,1333.0,25.63,91.23,-0.36893436374566874,-0.016305610593346752,1.1858408660097857,0.2668669638902567
BKG Mendis,71.0,1973.0,29.01,83.35,-0.11764645576627455,0.29323230190245125,0.6144816721645848,0.26335583943358715
DB Vengsarkar,120.0,3508.0,34.73,67.73,0.48505188602805366,0.8170656922799547,-0.5180856638585145,0.2613439714831646
Fawad Alam,36.0,966.0,40.25,74.47,-0.5130322734776026,1.3225832298470568,-0.029385033589904543,0.2600553075931832
K Srikkanth,145.0,4091.0,29.01,71.74,0.7139594647030331,0.29323230190245125,-0.22733054110226483,0.2599537418344065
CR Ervine,90.0,2571.0,32.54,75.48,0.11715068325197188,0.6165071040060505,0.0438475534384781,0.2591684468988335
WTS Porterfield,133.0,4037.0,31.05,69.38,0.6927570474672717,0.48005400056855396,-0.3984482692081877,0.2581209262758793
DJ Bravo,141.0,2968.0,25.36,82.3,0.2730277136704398,-0.04103201188738973,0.5383487846598312,0.2567814954809604
JDP Oram,116.0,2434.0,24.09,86.61,0.06335936545013282,-0.15733767723344388,0.8508561609888685,0.25229261640185247
N Boje,71.0,1414.0,26.67,88.7,-0.3371307378920267,0.07893682402074512,1.0023968608792835,0.2480676490026673
GR Marsh,115.0,4357.0,39.97,55.93,0.8184010014569688,1.2969410359124935,-1.3736743043881294,0.2472225776604443
AU Rashid,43.0,588.0,18.96,102.43,-0.6614491941279322,-0.6271393018202611,1.997924999393827,0.2364455011485445
Wasim Akram,280.0,3717.0,16.52,88.33,0.5671130934775745,-0.8505927061071685,0.9755690814728462,0.23069648961441735
Rashid Khan,56.0,905.0,19.25,99.88,-0.5369831522068886,-0.600581315245178,1.8130308440251381,0.2251554588576905
Shaiman Anwar,40.0,1219.0,31.25,82.53,-0.41369502235449834,0.4983698533789562,0.555025512398968,0.21323344780780862
RV Uthappa,42.0,934.0,25.94,90.59,-0.5255966688765723,0.012083961262776922,1.1394360583878405,0.20864111692468165
Moin Khan,183.0,3266.0,23.0,81.3,0.39003364582334527,-0.2571590750501361,0.46584127275054177,0.19957194784125032
CR Woakes,68.0,1186.0,24.7,90.12,-0.42665205510968585,-0.10147432616171712,1.1053575277904746,0.19241038217302386
M Kaif,110.0,2753.0,32.01,72.03,0.18861068208361212,0.5679700940584844,-0.20630336264857047,0.183425804497842
Rahmat Shah,69.0,2359.0,35.2,70.08,0.03391156373379756,0.8601079463844006,-0.3476930108716849,0.18210883308217107
Ahmed Shehzad,81.0,2605.0,32.56,72.08,0.1305003533633772,0.618338689287091,-0.2026779870531062,0.18205368519912066
OA Shah,66.0,1834.0,30.56,78.67,-0.17222304828054924,0.43518016118306835,0.27514651642911103,0.1793678764438767
MJ Santner,54.0,898.0,27.21,87.95,-0.5397316137004132,0.12838962660883108,0.9480162269473166,0.1788914132852448
IDS Smith,77.0,1055.0,17.29,99.43,-0.4780875487742181,-0.78007667278712,1.7804024636659588,0.17407941403487354
CZ Harris,213.0,4379.0,29.0,66.51,0.8270390232937604,0.292316509261931,-0.6065448283878475,0.1709369013892813
VG Kambli,97.0,2477.0,32.59,71.94,0.08024277176749836,0.6210860672086514,-0.21282903872040673,0.16283326675191434
NM Hauritz,32.0,336.0,22.4,96.27,-0.7603938078948187,-0.3121066334813429,1.5512787260326035,0.1595927615521473
Saleem Elahi,47.0,1579.0,36.72,71.31,-0.2723455741160891,0.9993084277434572,-0.2585087712232587,0.15615136080136977
ND McKenzie,55.0,1688.0,37.51,69.4,-0.22954810228834854,1.071656046344546,-0.3969981189700012,0.14836994169539874
RS Kaluwitharana,181.0,3711.0,22.22,77.7,0.5647572693402678,-0.32859090101070487,0.20481422987710043,0.14699353273555446
Basit Ali,43.0,1265.0,34.18,75.79,-0.39563370396847936,0.7666970970513489,0.06632488213035796,0.1457960917377425
RS Mahanama,198.0,5162.0,29.49,60.57,1.1344740732123004,0.3371903486474163,-1.0372394491290267,0.14480832424356332
W Barresi,31.0,927.0,35.65,75.67,-0.5283451303700969,0.9013186152078052,0.057623980701242916,0.14353248851298375
AL Logie,133.0,2809.0,28.95,73.9,0.2105983740318091,0.2877375460593304,-0.070714315378199,0.14254053490431348
NC Johnson,48.0,1679.0,36.5,70.28,-0.23308183849430877,0.9791609896520148,-0.33319150848982687,0.1376292142226264
A Balbirnie,61.0,1813.0,31.8,75.13,-0.1804684327611231,0.5487384486075624,0.018469924270226198,0.12891331337222184
HH Streak,159.0,2943.0,28.29,73.42,0.26321177976499477,0.227295231785003,-0.10551792109465818,0.12832969681844653
AR Nurse,40.0,502.0,19.3,97.85,-0.6952160067626634,-0.5960023520425773,1.6658405948492807,0.12487407868134659
Aftab Ahmed,85.0,1954.0,24.73,83.04,-0.12510656553441282,-0.09872694824015668,0.5920043434727059,0.1227236098993788
AR Adams,34.0,419.0,17.45,100.47,-0.727804907328741,-0.7654239905387982,1.8558102760516193,0.12086045939469331
Imrul Kayes,78.0,2434.0,32.02,71.1,0.06335936545013282,0.5688858866990051,-0.27373534872421007,0.11950330114164262
DR Smith,89.0,1560.0,18.57,92.69,-0.2798056838842274,-0.6628552148005455,1.2917018333973478,0.11634697823752499
DM Bravo,105.0,2839.0,30.85,70.18,0.2223774947183432,0.4617381477581518,-0.34044225968075537,0.11455779426524657
Yasir Hameed,56.0,2028.0,36.87,66.95,-0.09605140117429536,1.0130453173512588,-0.5746415231477604,0.11411746434306769
J Charles,48.0,1283.0,26.72,83.8,-0.3885662315565589,0.08351578722334542,0.6471100525237652,0.11401986939685058
PV Simmons,138.0,3675.0,28.93,67.96,0.5506223245164269,0.2859059607782902,-0.5014089361193788,0.11170644972511279
Mosaddek Hossain,30.0,549.0,27.45,86.72,-0.6767620510204266,0.1503686499813136,0.8588319872988903,0.11081286208659241
MS Wade,80.0,1777.0,25.75,82.11,-0.19460337758496402,-0.005316098907105318,0.5245723573970663,0.10821762696833231
CK Coventry,35.0,831.0,24.44,88.68,-0.5660383165670061,-0.12528493481523983,1.000946710641098,0.10320781975295074
A Bagai,60.0,1964.0,37.76,65.57,-0.12118019197223479,1.0945508623575488,-0.6747018895825804,0.09955626026757786
D Ramdin,110.0,2200.0,25.0,80.35,-0.028517775904833183,-0.0740005469461137,0.39695913643671665,0.09814693786192324
Liton Das,33.0,768.0,24.77,88.17,-0.5907744700087276,-0.0950637776780763,0.9639678795673601,0.09270987729351873
LMP Simmons,65.0,1958.0,31.58,73.05,-0.12353601610954161,0.5285910105161197,-0.1323457005010956,0.09090309796849413
Nasir Hossain,52.0,1281.0,29.11,79.81,-0.3893515062689945,0.30239022830765216,0.357805080005701,0.09028126734811956
SM Gavaskar,102.0,3092.0,35.13,62.26,0.3217147458414475,0.8536973979007597,-0.9147017540023279,0.0869034632466264
DT Johnston,53.0,743.0,19.55,94.64,-0.6005904039141727,-0.5731075360295745,1.4330914816204623,0.08646451389223836
C Sharma,35.0,456.0,24.0,90.47,-0.7132773251486824,-0.16557981099812488,1.1307351569587254,0.08395934027063934
T Taibu,137.0,3393.0,29.25,67.58,0.4398985900630063,0.3152113252749338,-0.5289617906449083,0.07538270823101062
Nasir Jamshed,48.0,1418.0,31.51,75.38,-0.33556018846715546,0.5221804620324793,0.03659680224754854,0.07440569193762411
T Mishra,40.0,1128.0,34.18,73.53,-0.44942502177031846,0.7666970970513489,-0.0975420947846364,0.07324332683213135
VVS Laxman,83.0,2338.0,30.76,71.23,0.02566617925322369,0.45349601399347084,-0.26430937217600176,0.07161760702356426
Imran Nazir,79.0,1895.0,24.61,81.01,-0.1482721695512632,-0.10971645992639811,0.44481409429684843,0.062275154939729044
Manzoor Elahi,46.0,741.0,22.45,89.6,-0.6013756786266083,-0.3075276702787423,1.0676536215976433,0.05291675756409758
SM Ervine,34.0,698.0,25.85,85.53,-0.6182590849439739,0.0038418274980959294,0.7725480481268361,0.05271026356031941
MG Johnson,91.0,951.0,16.11,96.35,-0.5189218338208696,-0.8881402043684932,1.5570793269853467,0.0500057629319946
Shahriar Nafees,75.0,2201.0,31.44,69.49,-0.02812513854861538,0.5157699135488384,-0.3904724428981659,0.03239077736735238
SM Katich,42.0,1324.0,35.78,68.74,-0.372468099951629,0.9132239195345669,-0.444853076830133,0.03196758091760166
PG Fulton,46.0,1334.0,32.53,72.77,-0.36854172638945093,0.6155913113655306,-0.15264780383569668,0.03146726038012766
WB Phillips,41.0,852.0,24.34,85.71,-0.5577929320864322,-0.13444286122044108,0.7855994002705077,0.03112120232121146
KD Karthik,79.0,1752.0,30.2,73.24,-0.20441931149040912,0.40221162612434436,-0.11856927323833076,0.02640768046520149
NT Broom,39.0,943.0,26.94,81.22,-0.5220629326706121,0.1036632253147881,0.46004067179779873,0.013880321480658236
NJ O'Brien,101.0,2581.0,28.05,70.94,0.12107705681414992,0.20531620841252046,-0.2853365506296961,0.013685571532324747
S Lee,35.0,477.0,17.66,95.4,-0.7050319406681085,-0.7461923450878757,1.4881971906715226,0.01232430163851278
HK Badani,36.0,867.0,33.34,73.47,-0.5519033717431652,0.6897705152476599,-0.10189254549919392,0.011991532668433572
NL McCullum,62.0,1070.0,20.98,87.7,-0.47219798843095107,-0.44214918843519857,0.9298893489699942,0.005180724034614892
TT Bresnan,64.0,871.0,19.79,90.25,-0.550332822318294,-0.5511285126570921,1.1147835043386818,0.004440723121098611
IA Healy,120.0,1764.0,21.0,83.84,-0.19970766321579547,-0.4403176031541584,0.6500103530001372,0.0033283622100611088
RD Berrington,73.0,1882.0,28.08,74.24,-0.15337645518209467,0.20806358633408056,-0.04606176132904139,0.0028751232743148315
IT Botham,106.0,2113.0,23.21,79.1,-0.06267722589578208,-0.23792742959921362,0.30632474655010494,0.001906697018369749
RR Singh,113.0,2336.0,25.95,74.3,0.024880904540788083,0.012999753903296852,-0.04171131061448386,-0.0012768840567996403
SP O'Donnell,64.0,1242.0,25.34,80.96,-0.40466436316148885,-0.04286359716842991,0.44118871870138315,-0.0021130805428452026
AA Obanda,45.0,1306.0,30.37,74.03,-0.37953557236354946,0.4177801010131864,-0.061288338829991705,-0.007681270060118258
JA Rudolph,39.0,1174.0,35.57,68.05,-0.43136370338429947,0.8939922740836445,-0.49488326004754246,-0.010751563116065788
MA Taylor,110.0,3514.0,32.23,59.46,0.4874077101653605,0.5881175321499268,-1.117722787348338,-0.014065848344350262
MW Gatting,88.0,2095.0,29.5,70.58,-0.06974469830770254,0.3381061412879366,-0.3114392549170403,-0.014359270645602079
PW Borren,50.0,1004.0,22.31,85.37,-0.49811205394132607,-0.3203487672460239,0.7609468462213501,-0.019171324988666638
MJ Greatbatch,83.0,2206.0,28.28,71.18,-0.02616195176752636,0.22637943914448305,-0.26793474777146603,-0.02257242013150311
KR Rutherford,115.0,3143.0,29.65,64.3,0.34173925100855546,0.35184303089573815,-0.7667864297073776,-0.024401382601027977
SM Patil,42.0,1005.0,24.51,82.17,-0.49771941658510827,-0.11887438633159904,0.5289228081116238,-0.029223664935027815
AC Parore,161.0,3314.0,25.68,68.09,0.4088802389217998,-0.011726647390746126,-0.49198295957117044,-0.03160978934670558
RR Watson,35.0,956.0,30.83,74.33,-0.5169586470397807,0.4599065624771113,-0.039536085257205096,-0.03219605660662482
TG Southee,85.0,676.0,12.75,98.54,-0.6268971067807656,-1.1958465315832507,1.7158707780666913,-0.035624286765775004
AH Jones,87.0,2784.0,35.69,57.86,0.200782440126364,0.9049817857698855,-1.233734806403201,-0.042656860168983846
N Hussain,87.0,2332.0,30.28,66.99,0.023310355115916868,0.40953796724850544,-0.5717412226713894,-0.04629763343565571
GM Hamilton,38.0,1231.0,35.17,66.64,-0.40898337407988467,0.8573605684628401,-0.5971188518396402,-0.04958055248556159
AP Gurusinha,143.0,3902.0,28.27,60.88,0.6397510043778682,0.2254636465039628,-1.0147621204371469,-0.049849156518438575
AG Prince,41.0,1018.0,35.1,67.77,-0.49261513095427684,0.8509500199791993,-0.5151853633821436,-0.05228349145240707
IK Pathan,87.0,1544.0,23.39,79.54,-0.28608788158371223,-0.22144316206985165,0.3382280517901931,-0.056434330621123574
S Dhaniram,41.0,915.0,24.72,81.26,-0.5330567786447106,-0.09964274088067693,0.46294097227417075,-0.05658618241707225
RS Morton,51.0,1519.0,33.75,66.36,-0.2959038154891573,0.7273180135089841,-0.6174209551742413,-0.062002252384804835
L Vincent,99.0,2413.0,27.11,69.88,0.05511398096955895,0.11923170020362983,-0.362194513253543,-0.06261627736011807
WW Hinds,111.0,2880.0,28.51,65.55,0.23847562632327313,0.24744266987644567,-0.6761520398207659,-0.06341124787368235
Imran Farhat,58.0,1719.0,30.69,69.06,-0.21737634424559663,0.44708546550983,-0.4216506730191598,-0.06398051725164214
DL Vettori,187.0,2253.0,17.33,82.98,-0.007707996025289601,-0.7764135022250396,0.5876538927581484,-0.06548920183072687
SV Manjrekar,70.0,1994.0,33.23,64.3,-0.10940107128570069,0.679696796201938,-0.7667864297073776,-0.06549690159704674
R Powell,31.0,670.0,23.92,83.12,-0.6292529309180724,-0.1729061521222856,0.597804944425449,-0.06811804620496967
Mohammad Ashraful,169.0,3468.0,22.23,70.1,0.46934639177934157,-0.3276751083701846,-0.34624286063349946,-0.0681905257414475
KC Wessels,105.0,3367.0,34.35,55.3,0.4296900188013434,0.782265571940191,-1.419354036890982,-0.06913281538314925
MF Maharoof,75.0,1113.0,19.52,86.01,-0.4553145821135855,-0.575854913951135,0.8073516538432953,-0.07460594740714166
DA Gunawardene,61.0,1708.0,28.46,71.49,-0.22169535516399247,0.24286370667384505,-0.24545741907958718,-0.07476302252324486
RL Dias,55.0,1573.0,31.46,67.94,-0.2747013982533959,0.5176014988298786,-0.5028590863575643,-0.08665299526036052
SG Law,51.0,1237.0,26.89,75.28,-0.4066275499425779,0.09908426211218747,0.029346051056620016,-0.09273241225792346
Nawroz Mangal,48.0,1139.0,27.11,75.33,-0.4451060108519226,0.11923170020362983,0.03297142665208428,-0.09763429466540283
AC Hudson,88.0,2559.0,29.41,64.62,0.11243903497735824,0.3298640075232556,-0.7435840258964045,-0.10042699446526354
HJH Marshall,62.0,1454.0,27.43,73.06,-0.32142524364331454,0.14853706470027342,-0.1316206253820023,-0.10150293477501447
LJ Wright,39.0,707.0,20.2,86.21,-0.6147253487380137,-0.5135810143957674,0.8218531562251523,-0.1021510689695429
SC Williams,55.0,1586.0,32.36,66.02,-0.26959711262256447,0.6000228364766885,-0.6420735092234,-0.10388259512309198
LPC Silva,62.0,1587.0,28.85,70.4,-0.26920447526634667,0.2785796196541295,-0.3244906070607118,-0.105038487557643
HP Tillakaratne,168.0,3789.0,29.6,57.51,0.5953829831252564,0.34726406769313783,-1.2591124355714525,-0.10548846158435277
Muhammad Usman,30.0,713.0,27.42,76.83,-0.6123695246007068,0.1476212720597535,0.14173269451601833,-0.10767185267497834
CR Brathwaite,37.0,559.0,16.44,91.04,-0.6728356774582486,-0.8579190472313293,1.172064438747021,-0.11956342864751901
Mashrafe Mortaza,156.0,1786.0,13.84,87.67,-0.19106964137900379,-1.0960251337665585,0.9277141236127154,-0.11979355051094898
IJ Harvey,51.0,715.0,17.87,88.16,-0.6115842498882712,-0.7269606996369533,0.9632428044482668,-0.12510071502565256
RJ Shastri,128.0,3108.0,29.04,61.07,0.32799694354093234,0.29597967982401135,-1.0009856931743821,-0.12566968993647948
Anamul Haque,35.0,1052.0,30.05,70.69,-0.4792654608428715,0.3884747365165428,-0.30346342860701847,-0.13141805097778236
DNT Zoysa,47.0,343.0,13.19,95.81,-0.7576453464012941,-1.1555516554003658,1.517925270554331,-0.1317572437491097
SB Joshi,45.0,584.0,17.17,89.43,-0.6630197435528035,-0.7910661844733611,1.055327344573065,-0.13291952781769978
RW Marsh,76.0,1225.0,20.08,82.26,-0.4113391982171915,-0.5245705260820088,0.5354484841834601,-0.13348708003858004
MJ Prior,62.0,1282.0,24.18,76.76,-0.3889588689127767,-0.1490955434687629,0.13665716868236857,-0.13379908123305698
PL Mommsen,42.0,1115.0,30.97,69.04,-0.4545293074011499,0.47272765944439293,-0.4231008232573453,-0.13496749040470074
JF Mooney,55.0,963.0,23.48,79.25,-0.514210185546256,-0.21320102830517065,0.31720087333649877,-0.13673678017164262
JEC Franklin,80.0,1270.0,23.96,76.92,-0.3936705171873904,-0.16924298156020526,0.14825837058785463,-0.138218376053247
GM Wood,77.0,2219.0,33.62,59.57,-0.02105766613669492,0.7154127091822224,-1.1097469610383162,-0.13846397266426283
JV Coney,80.0,1874.0,30.72,64.95,-0.1565175540318371,0.44983284343139013,-0.7196565469663391,-0.142113752522262
BC Broad,34.0,1361.0,40.02,55.61,-0.35794051777157027,1.3015199991150945,-1.396876708199102,-0.15109907561852592
AN Kervezee,36.0,924.0,28.0,73.15,-0.5295230424387504,0.20073724520991984,-0.12509494931016601,-0.15129358217966551
D Mongia,51.0,1230.0,27.95,71.47,-0.40937601143610247,0.19615828200731922,-0.24690756931777266,-0.1533750995821853
MP Vaughan,83.0,1982.0,27.15,68.39,-0.11411271956031432,0.12289487076571019,-0.47023070599838385,-0.15381618493099597
GC Wilson,99.0,2072.0,23.81,71.94,-0.07877535750071202,-0.18297987116800712,-0.21282903872040673,-0.1581947557963753
TM Odoyo,119.0,2420.0,23.49,70.38,0.05786244246308357,-0.2122852356646507,-0.3259407572988983,-0.16012118350015514
SV Carlisle,107.0,2740.0,27.67,63.35,0.18350639645278066,0.1705160880727563,-0.8356685660212022,-0.1605486938318884
J Botha,50.0,609.0,19.03,85.77,-0.6532038096473585,-0.6207287533366204,0.7899498509850652,-0.16132757066630454
LRD Mendis,74.0,1527.0,23.49,75.07,-0.2927627166394149,-0.2122852356646507,0.01411947355566867,-0.16364282624946563
GO Jones,43.0,862.0,24.62,77.17,-0.5538665585242541,-0.10880066728587785,0.16638524856517697,-0.1654273257483183
KOA Powell,44.0,1005.0,22.84,78.63,-0.49771941658510827,-0.27181175729845786,0.272246215952739,-0.16576165264360904
MA Atherton,54.0,1791.0,35.11,58.64,-0.18910645459791478,0.8518658126197193,-1.1771789471139553,-0.17147319636405028
VS Solanki,46.0,1097.0,26.75,72.93,-0.46159677981307035,0.08626316514490585,-0.1410466019302096,-0.17212673886612467
MW Goodwin,70.0,1818.0,27.13,68.5,-0.1785052459800341,0.12106328548467002,-0.46225487968836204,-0.17323228006124203
DL Houghton,60.0,1530.0,26.37,70.99,-0.29158480457076147,0.0514630448051417,-0.2817111750342319,-0.17394431159995055
S Prasanna,37.0,421.0,12.38,94.6,-0.7270196326163054,-1.2297308592824947,1.4301911811440902,-0.17551977025156995
B Lee,110.0,1176.0,17.81,83.58,-0.43057842867186386,-0.7324554554800742,0.6311583999037216,-0.1772918280827388
DM de Silva,39.0,814.0,25.43,75.86,-0.5727131516227087,-0.03462146340374892,0.07140040796400773,-0.17864473568748332
Sir RJ Hadlee,98.0,1751.0,21.61,75.5,-0.20481194884662693,-0.38445425208243167,0.045297703676663595,-0.18132283241746497
S Matsikenyeri,110.0,2224.0,22.01,72.39,-0.0190944793556059,-0.34782254646162697,-0.1802006583612263,-0.1823725613928197
Samiullah Shinwari,74.0,1811.0,29.2,65.49,-0.1812537074735587,0.3106323620723332,-0.6805024905353234,-0.18370794531218296
CO Obuya,89.0,2044.0,25.55,68.56,-0.08976920347481052,-0.02363195171750749,-0.4579044289738045,-0.19043519472204085
ES Szwarczynski,40.0,1102.0,29.78,68.23,-0.4596335930319813,0.36374833522249983,-0.48183190790386987,-0.1925723885711171
JG Wright,148.0,3891.0,26.46,57.18,0.6354319934594724,0.059705178569822694,-1.2830399145015179,-0.19596758082407426
SMSM Senanayake,33.0,290.0,13.18,93.24,-0.7784551262808377,-1.1564674480408859,1.3315809649474568,-0.2011138697914222
SF Mire,47.0,955.0,20.31,80.25,-0.5173512843959984,-0.5035072953500462,0.3897083852457881,-0.21038339816675217
PN Kirsten,40.0,1293.0,38.02,56.02,-0.3846398579943809,1.118361471011072,-1.3671486283162932,-0.21114233843320065
RJ Ratnayake,55.0,612.0,16.54,86.8,-0.652025897578705,-0.8487611208261283,0.8646325882516334,-0.21205147671773328
Javed Ahmadi,41.0,976.0,23.8,75.6,-0.5091058999154245,-0.18389566380852704,0.05254845486759212,-0.21348436961878647
SHT Kandamby,36.0,870.0,29.0,69.6,-0.5507254596745117,0.292316509261931,-0.38249661658814416,-0.21363518900024162
R Ashwin,61.0,675.0,16.07,86.98,-0.6272897441369834,-0.8918033749305735,0.877683940395306,-0.21380305955741696
TD Paine,35.0,890.0,27.81,70.8,-0.5428727125501557,0.1833371850400376,-0.29548760229699667,-0.21834104326903822
KLT Arthurton,93.0,1904.0,26.08,67.46,-0.14473843334530298,0.024905058230058213,-0.5376626920740234,-0.21916535572975604
V Sibanda,126.0,2994.0,24.54,63.48,0.28323628493210273,-0.11612700841003892,-0.8262425894729949,-0.21971110431697702
GP Swann,48.0,500.0,13.88,90.41,-0.696001281475099,-1.0923619632044779,1.1263847062441679,-0.22065951281180307
MH Cross,48.0,1136.0,24.17,73.95,-0.446283922920576,-0.15001133610928283,-0.06708893978273472,-0.2211280662708645
GJ Whittall,142.0,2705.0,22.54,67.43,0.16976408898515755,-0.29928553651406126,-0.5398379174313012,-0.2231197883200683
MO Odumbe,59.0,1409.0,26.09,69.96,-0.33909392467311567,0.02582085087057847,-0.3563939123008,-0.2232223287011124
Asghar Afghan,105.0,2356.0,24.54,66.72,0.03273365166514415,-0.11612700841003892,-0.5913182508868972,-0.2249038692105973
PA Patel,34.0,736.0,23.74,76.5,-0.6033388654076974,-0.18939041965164793,0.11780521558595297,-0.2249746898244641
AJ Hollioake,30.0,606.0,25.25,75.09,-0.6543817217160118,-0.05110573093311091,0.015569623793855198,-0.22997260961842253
Rashid Latif,117.0,1709.0,19.42,76.39,-0.22130271780777466,-0.5850128403563359,0.10982938927593118,-0.23216205629605977
Hashmatullah Shahidi,39.0,1062.0,32.18,63.7,-0.47533908728069346,0.5835385689473265,-0.8102909368529508,-0.23403048506210594
RJ Peterson,41.0,556.0,20.59,80.81,-0.674013589526902,-0.477865101415483,0.43031259191499033,-0.24052203300913155
BMAJ Mendis,44.0,636.0,18.7,82.7,-0.6426026010294777,-0.6509499104737841,0.5673517894235474,-0.24206690735990483
NFI McCallum,42.0,1002.0,27.83,69.05,-0.4988973286537617,0.18516877032107779,-0.42237574813825307,-0.24536810215697896
RD Jacobs,112.0,1865.0,23.31,70.06,-0.16005129023779732,-0.2287695031940127,-0.3491431611098704,-0.2459879848472268
CB Wishart,82.0,1719.0,23.22,70.56,-0.21737634424559663,-0.2370116369586937,-0.31288940515522573,-0.25575912878650536
TT Samaraweera,42.0,862.0,27.8,69.29,-0.5538665585242541,0.18242139239951766,-0.40497394528002295,-0.25880637046825317
JC Adams,105.0,2204.0,28.62,60.98,-0.026947226479961967,0.25751638892216683,-1.0075113692462183,-0.25898073560133783
RD Shah,55.0,1506.0,27.88,65.53,-0.30100810111998877,0.1897477335236784,-0.6776021900589514,-0.26295418588508723
JM How,37.0,1046.0,29.05,66.53,-0.4816212849801783,0.29689547246453163,-0.605094678149662,-0.2632734968884362
EA Brandes,41.0,404.0,13.03,90.17,-0.7336944676720081,-1.1702043376486875,1.1089829033859389,-0.2649719673115855
PL Symcox,54.0,694.0,16.92,83.61,-0.6198296343688451,-0.8139610004863639,0.6333336252610003,-0.2668190031980695
GB Hogg,65.0,790.0,20.25,78.68,-0.582136448171936,-0.5090020511931668,0.2758715915482043,-0.2717556359389661
KJ Hughes,88.0,1968.0,24.0,67.42,-0.11960964254736357,-0.16557981099812488,-0.5405629925503944,-0.2752508153652943
KMDN Kulasekara,123.0,1327.0,15.43,81.46,-0.3712901878829756,-0.9504141039238607,0.4774424746560278,-0.28142060571693617
WD Parnell,38.0,508.0,21.16,78.39,-0.6928601826253565,-0.42566492090583663,0.25484441309450995,-0.2878935634788944
PAJ DeFreitas,66.0,690.0,16.04,83.83,-0.6214001837937163,-0.8945507528521339,0.649285277881044,-0.2888885529216021
MN Waller,72.0,1259.0,19.07,76.81,-0.3979895281057862,-0.6170655827745399,0.14028254427783285,-0.2915908555341644
Wahab Riaz,64.0,680.0,13.87,86.4,-0.6253265573558944,-1.0932777558449982,0.8356295834879182,-0.29432490990432475
Azhar Mahmood,110.0,1521.0,18.1,76.5,-0.2951185407767217,-0.7058974689049907,0.11780521558595297,-0.2944035980319198
CK Kapugedera,84.0,1624.0,21.09,72.04,-0.25467689308628794,-0.43207546938947744,-0.20557828752947718,-0.2974435500017475
Naved-ul-Hasan,51.0,524.0,15.87,84.51,-0.6865779849258717,-0.9101192277409759,0.6985903859793612,-0.2993689422291621
BM McMillan,52.0,841.0,23.36,73.32,-0.562111943004828,-0.22419053999141209,-0.11276867228558773,-0.2996903850939426
P Kumar,33.0,292.0,13.9,88.21,-0.7776698515684021,-1.0905303779234377,0.9668681800437311,-0.30044401648270286
PJL Dujon,120.0,1945.0,23.15,67.51,-0.12864030174037305,-0.24342218544233452,-0.5340373164785581,-0.3020332678870885
DW Hookes,36.0,826.0,24.29,72.07,-0.5680015033480951,-0.1390218244230417,-0.20340306217219944,-0.3034754633144454
DS Smith,45.0,1059.0,24.62,70.31,-0.4765169993493469,-0.10880066728587785,-0.3310162831325481,-0.3054446499225909
KD Mills,101.0,1047.0,15.62,81.66,-0.4812286476239605,-0.9330140437539786,0.4919439770378859,-0.3074329047800177
MA Starc,46.0,348.0,12.42,89.46,-0.7556821596202051,-1.2260676887204143,1.0575025699303429,-0.3080824261367589
AJ Bichel,36.0,471.0,20.47,78.5,-0.7073877648054153,-0.48885461310172446,0.2628202394045317,-0.31114071283420264
M Amarnath,75.0,1924.0,30.53,57.7,-0.13688568622094693,0.4324327832615082,-1.245336008308687,-0.3165963037560419
Mohammad Amir,30.0,363.0,18.15,81.75,-0.7497925992769381,-0.7013185057023904,0.4984696531097222,-0.3175471506232021
Sohail Tanvir,40.0,399.0,13.75,87.11,-0.7356576544530972,-1.1042672675312395,0.8871099169435132,-0.31760500168027456
CM Spearman,50.0,936.0,18.72,77.87,-0.5248113941641367,-0.649118325192744,0.21714050690167974,-0.31892973748506703
AJ Hall,56.0,905.0,21.04,75.04,-0.5369831522068886,-0.43665443259207803,0.011944248198390937,-0.3205644455335252
Gulbadin Naib,56.0,1041.0,21.68,73.1,-0.48358447176126734,-0.37804370359879086,-0.12872032490563132,-0.3301161667552298
Asad Shafiq,58.0,1336.0,24.74,67.5,-0.3677564516770153,-0.09781115559963675,-0.5347623915976514,-0.33344333295810114
CJ Chibhabha,103.0,2389.0,23.65,63.13,0.04569068442033166,-0.19763255341632893,-0.8516202186412458,-0.334520695879081
AB Agarkar,113.0,1269.0,14.58,80.62,-0.3940631545436082,-1.02825647836807,0.41653616465222554,-0.3352611560864842
Naeem Islam,51.0,975.0,27.08,66.19,-0.5094985372716424,0.1164843222820694,-0.6297472321988207,-0.34092048239613126
R Lamba,31.0,783.0,27.0,67.15,-0.5848849096654606,0.10915798115790866,-0.5601400207659023,-0.3452889830911514
MS Sinclair,50.0,1304.0,28.34,62.51,-0.38032084707598507,0.23187419498760362,-0.8965748760250055,-0.3483405093711289
TM Moody,64.0,1211.0,23.28,69.31,-0.41683612120424074,-0.2315168811155728,-0.4035237950418375,-0.35062559912055036
JR Murray,36.0,678.0,22.6,72.98,-0.62611183206833,-0.2937907806709404,-0.13742122633474535,-0.35244127969133854
G Boycott,34.0,1082.0,36.06,53.56,-0.4674863401563374,0.9388661134691301,-1.545517107613145,-0.3580457781001175
SL Campbell,87.0,2283.0,26.24,59.25,0.004071124661244502,0.03955774047838002,-1.1329493648492888,-0.36310683323655474
GM Ritchie,42.0,959.0,27.4,64.84,-0.5157807349711272,0.14578968677871298,-0.7276323732763609,-0.36587447382292504
Harbhajan Singh,128.0,1237.0,13.3,81.06,-0.4066275499425779,-1.1454779363546443,0.4484394698923127,-0.3678886721349698
DF Watts,35.0,974.0,28.64,62.47,-0.5098911746278602,0.25934797420320704,-0.8994751765013771,-0.3833394589753434
Yashpal Sharma,40.0,883.0,28.48,63.02,-0.5456211740436803,0.24469529195488524,-0.8595960449512676,-0.3868406423466875
Junaid Siddique,53.0,1196.0,23.0,68.22,-0.42272568154750784,-0.2571590750501361,-0.4825569830229631,-0.3874805798735357
AC Waller,38.0,818.0,23.37,69.79,-0.5711426021978375,-0.22327474735089184,-0.3687201893253783,-0.3877125129580359
UDU Chandana,111.0,1627.0,17.3,72.99,-0.2534989810176345,-0.7791608801465997,-0.1366961512156531,-0.38978533745996236
MA Vermeulen,43.0,868.0,22.25,70.74,-0.5515107343869473,-0.32584352308914444,-0.2998380530115542,-0.39239743682921524
Raqibul Hasan,54.0,1308.0,27.82,61.32,-0.37875029765111384,0.18425297768055784,-0.9828588151970598,-0.3924520450558719
MAR Samarasekera,39.0,844.0,22.81,69.92,-0.5609340309361747,-0.2745591352200183,-0.359294212777171,-0.3982624596444546
CN Evans,47.0,764.0,18.19,75.94,-0.5923450194335989,-0.6976553351403098,0.07720100891675076,-0.4042664485523859
CJ Nevin,36.0,732.0,20.33,73.2,-0.6049094148325685,-0.501675710069006,-0.12146957371470177,-0.40935156620542545
AC Cummins,49.0,486.0,13.5,82.93,-0.7014982044621483,-1.1271620835442422,0.5840285171626841,-0.41487725694790206
Asif Mujtaba,55.0,1068.0,26.04,63.91,-0.4729832631433866,0.021241887667977844,-0.7950643593520005,-0.4156019116091364
JJ Crowe,71.0,1518.0,25.72,61.8,-0.2962964528453751,-0.008063476828665758,-0.9480552094806011,-0.4174717130515473
PL Taylor,47.0,437.0,19.86,74.95,-0.7207374349168206,-0.5447179641734512,0.005418572126554645,-0.42001227565457233
Dawlat Zadran,56.0,513.0,17.68,77.25,-0.6908969958442676,-0.7443607598068356,0.17218584951792001,-0.42102396871106107
DW Randall,45.0,1067.0,26.67,62.69,-0.47337590049960443,0.07893682402074512,-0.8835235238813335,-0.42598753345339757
RIC Holder,31.0,599.0,23.96,68.37,-0.6571301832095364,-0.16924298156020526,-0.4716808562365693,-0.4326846736687703
SA Thomson,52.0,964.0,22.95,67.55,-0.5138175481900382,-0.26173803825273667,-0.5311370160021871,-0.4355642008149873
Saleem Yousuf,62.0,768.0,17.86,75.0,-0.5907744700087276,-0.7278764922774735,0.009043947722018908,-0.43653567152139405
CC Lewis,40.0,374.0,14.38,81.48,-0.7454735883585423,-1.0465723311784723,0.47889262489421436,-0.43771776488093345
Mudassar Bukhari,34.0,516.0,17.2,76.9,-0.6897190837756141,-0.788318806551801,0.14680822034966914,-0.4437432233259153
NR Mongia,96.0,1272.0,20.19,68.9,-0.39288524247495477,-0.5144968070362873,-0.4332518749246459,-0.44687797481196256
Noor Ali Zadran,50.0,1216.0,24.81,63.23,-0.41487293442315176,-0.09140060711599594,-0.8443694674503173,-0.4502143363298216
DR Pringle,30.0,425.0,23.61,68.99,-0.7254490831914342,-0.20129572397840928,-0.4267261988528106,-0.45115700200755127
BA Young,73.0,1668.0,24.52,61.03,-0.2374008494127046,-0.11795859369107911,-1.0038859936507536,-0.45308181225151245
CWJ Athey,30.0,848.0,31.4,56.72,-0.5593634815113034,0.5121067429867577,-1.316393369979791,-0.4545500361681122
M Prabhakar,98.0,1858.0,24.12,60.26,-0.16279975173132194,-0.15459029931188345,-1.0597167778209067,-0.4590356096213707
WPUJC Vaas,220.0,2025.0,13.68,72.42,-0.09722931324294878,-1.1106778160148802,-0.17802543300394755,-0.4619775207539255
MD Marshall,83.0,955.0,14.92,76.64,-0.5173512843959984,-0.9971195285903863,0.12795626725325351,-0.46217151524437694
HDPK Dharmasena,87.0,1222.0,22.62,65.03,-0.4125171102858449,-0.29195919538990023,-0.713855946013596,-0.47277741722978034
IH Romaine,34.0,783.0,25.25,64.07,-0.5848849096654606,-0.05110573093311091,-0.7834631574465145,-0.47315126601502866
PA Strang,73.0,1090.0,22.24,66.02,-0.464345241306595,-0.3267593157296647,-0.6420735092234,-0.47772602208655324
R Mutumbami,31.0,582.0,20.06,71.49,-0.6638050182652391,-0.526402111363049,-0.24545741907958718,-0.47855484956929173
Mohsin Khan,75.0,1877.0,26.81,55.64,-0.15533964196318367,0.09175792098802642,-1.3947014828418234,-0.48609440127232684
Habibul Bashar,105.0,2168.0,21.68,60.45,-0.04108217130380289,-0.37804370359879086,-1.0459403505581413,-0.4883554084869116
Alok Kapali,66.0,1235.0,19.6,67.96,-0.4074128246550135,-0.5685285728269739,-0.5014089361193788,-0.49245011120045534
Wasim Raja,45.0,782.0,22.34,66.95,-0.5852775470216784,-0.31760138932446347,-0.5746415231477604,-0.49250681983130074
ALF de Mel,41.0,466.0,14.56,78.31,-0.7093509515865043,-1.0300880636491103,0.2490438121417669,-0.49679840103128253
CJ McDermott,78.0,432.0,7.08,87.8,-0.7227006216979096,-1.715100958758154,0.9371401001609228,-0.5002204934317136
HA Gomes,64.0,1415.0,28.87,54.88,-0.3367381005358089,0.28041120493516963,-1.4498071918928832,-0.5020446958311742
TJ Friend,39.0,548.0,16.11,75.69,-0.6771546883766444,-0.8881402043684932,0.05907413093942841,-0.5020735872685697
NAM McLean,34.0,314.0,12.07,81.98,-0.7690318297316104,-1.2581204311386183,0.515146380848859,-0.5040019600071233
RA Harper,73.0,855.0,16.13,73.58,-0.5566150200177787,-0.886308619087453,-0.09391671918917213,-0.5122801194314679
Abdul Qadir,68.0,641.0,15.26,75.5,-0.6406394142483887,-0.9659825788127026,0.045297703676663595,-0.5204414297948092
JE Taylor,42.0,278.0,8.42,86.06,-0.7831667745554514,-1.592384744928459,0.8109770294387596,-0.5215248300150502
SP Narine,45.0,363.0,11.0,82.31,-0.7497925992769381,-1.3561102436742702,0.5390738597789244,-0.5222763277240947
SE Bond,40.0,292.0,16.22,76.04,-0.7776698515684021,-0.878066485322772,0.08445176010768031,-0.523761525594498
PJ Moor,45.0,827.0,20.67,67.51,-0.5676088659918773,-0.47053876029132197,-0.5340373164785581,-0.5240616475872524
Mudassar Nazar,115.0,2653.0,25.26,51.71,0.14934694646183178,-0.05018993829259065,-1.6796560046453306,-0.5268329988253632
BA Edgar,64.0,1814.0,30.74,49.22,-0.1800757954049053,0.4516644287124303,-1.8601997092994613,-0.5295370253306455
J Srinath,121.0,883.0,10.63,79.62,-0.5456211740436803,-1.3899945713735142,0.34402865274293615,-0.5305290308914195
Abdur Razzak,97.0,779.0,13.43,76.37,-0.5864554590903318,-1.133572632027883,0.10837923903774568,-0.537216284026823
R McLaren,41.0,485.0,18.65,71.32,-0.701890841818366,-0.6555288736763848,-0.2577836961041665,-0.5384011371996391
Rohan Mustafa,33.0,671.0,20.33,68.12,-0.6288602935618546,-0.501675710069006,-0.4898077342138917,-0.540114579281584
U Bhatti,30.0,378.0,17.18,73.68,-0.743903038933671,-0.7901503918328411,-0.08666596799824257,-0.5402397995882515
DA Marillier,41.0,672.0,18.16,70.81,-0.6284676562056368,-0.7004027130618702,-0.2947625271779034,-0.5412109654818035
SM Sharif,33.0,292.0,17.17,74.11,-0.7776698515684021,-0.7910661844733611,-0.05548773787724868,-0.5414079246396706
KO Otieno,87.0,2016.0,23.44,56.61,-0.10076304944890901,-0.21686419886725103,-1.3243691962898128,-0.5473321482019909
AC Botha,38.0,666.0,19.58,68.65,-0.6308234803429437,-0.5703601581080144,-0.4513787529019682,-0.5508541304509754
AR Cusack,47.0,745.0,22.57,64.27,-0.5998051292017371,-0.2965381585925008,-0.7689616550646564,-0.5551016476196313
GP Howarth,65.0,1384.0,23.06,60.14,-0.34890985857856077,-0.2516643192070155,-1.068417679250021,-0.5563306190118658
DLS van Bunge,31.0,633.0,21.1,66.42,-0.6437805130981311,-0.43115967674895717,-0.6130705044596838,-0.5626702314355907
DJ Richardson,77.0,868.0,19.72,66.87,-0.5515107343869473,-0.5575390611407328,-0.5804421241005033,-0.5631639732093945
D Ganga,34.0,843.0,25.54,59.61,-0.5613266682923924,-0.024547744358027743,-1.1068466605619447,-0.5642403577374548
JE Emburey,45.0,501.0,14.31,75.45,-0.6956086441188812,-1.0529828796621132,0.041672328081199334,-0.5689730652332651
MJ Slater,42.0,987.0,24.07,60.4,-0.5047868889970287,-0.15916926251448407,-1.049565726153606,-0.5711739592217062
JN Gillespie,39.0,289.0,12.56,78.53,-0.7788477636370555,-1.2132465917531328,0.26499546476181046,-0.5756996302094592
MJ Horne,48.0,980.0,20.41,64.68,-0.5075353504905533,-0.494349368944845,-0.739233575181847,-0.5803727648724151
B Kumar,52.0,526.0,14.21,74.82,-0.6857927102134361,-1.0621408060673143,-0.004007404421653675,-0.5839803069008014
J Mubarak,37.0,704.0,22.7,63.13,-0.6159032608066671,-0.2846328542657395,-0.8516202186412458,-0.584052111237884
DO Obuya,73.0,1355.0,19.35,63.46,-0.36029634190887705,-0.5914233888399767,-0.8276927397111804,-0.5931374901533446
JG Bracewell,43.0,512.0,16.51,71.4,-0.6912896332004853,-0.8515084987476884,-0.2519830951514224,-0.5982604090331987
CS Baugh,35.0,482.0,20.08,67.03,-0.7030687538870195,-0.5245705260820088,-0.5688409221950174,-0.5988267340546819
Mohammad Rafique,106.0,1191.0,13.38,71.61,-0.4246888683285968,-1.1381515952304835,-0.23675651765047212,-0.5998656604031841
GJ Rennie,37.0,617.0,19.9,66.48,-0.650062710797616,-0.5410547936113709,-0.6087200537451263,-0.5999458527180377
B Zuiderent,56.0,1097.0,23.84,58.56,-0.46159677981307035,-0.1802324932464467,-1.1829795480666982,-0.6082696070420717
RS Kalpage,69.0,844.0,20.58,63.93,-0.5609340309361747,-0.47878089405600327,-0.7936142091138145,-0.6111097113686641
CO Browne,32.0,415.0,17.29,70.33,-0.7293754567536123,-0.78007667278712,-0.3295661328943626,-0.6130060874783649
R Rampaul,40.0,362.0,12.48,76.69,-0.7501852366331558,-1.2205729328772936,0.1315816428487178,-0.6130588422205772
AF Giles,35.0,385.0,17.5,69.87,-0.7411545774401463,-0.7608450273361975,-0.36291958837263527,-0.6216397310496596
SK Warne,107.0,1018.0,13.05,72.04,-0.49261513095427684,-1.1683727523676473,-0.20557828752947718,-0.6221887236171337
HS Modi,56.0,1109.0,23.59,58.18,-0.4568851315384567,-0.20312730925944947,-1.2105324025922284,-0.6235149477967115
LK Germon,31.0,519.0,19.96,65.94,-0.6885411717069607,-0.53556003776825,-0.647874110176143,-0.6239917732171179
MA Ouma,77.0,1501.0,20.84,59.44,-0.30297128790107775,-0.4549702854024802,-1.119172937586524,-0.6257048369633607
GH Dockrell,57.0,579.0,16.54,69.34,-0.6649829303338926,-0.8487611208261283,-0.40134856968455873,-0.6383642069481932
Mohammed Shami,34.0,136.0,7.55,82.92,-0.8389212791383794,-1.6720587046537088,0.5833034420435909,-0.6425588472494991
SCJ Broad,68.0,529.0,12.3,74.61,-0.6846147981447827,-1.2370572004066556,-0.01923398192260399,-0.6469686601580141
DR Tuffey,52.0,295.0,9.51,79.3,-0.7764919394997487,-1.492563347111767,0.32082624893196304,-0.6494096792265175
Z Khan,101.0,792.0,12.0,73.46,-0.5813511734595004,-1.264530979622259,-0.10261762061828718,-0.6494999245666822
PK Amre,30.0,513.0,20.52,64.2,-0.6908969958442676,-0.4842756498991238,-0.7740371808983061,-0.6497366088805658
XM Marshall,33.0,542.0,18.06,66.91,-0.6795105125139512,-0.7095606394670714,-0.5775418236241324,-0.6555376585350516
GRJ Matthews,50.0,619.0,16.72,67.94,-0.6492774360851804,-0.8322768532967664,-0.5028590863575643,-0.6614711252465036
Khaled Mashud,110.0,1818.0,21.9,54.84,-0.1785052459800341,-0.3578962655073485,-1.4527074923692547,-0.663036334618879
RR Patel,35.0,621.0,20.03,63.49,-0.6484921613727448,-0.5291494892846091,-0.8255175143539016,-0.6677197216704185
GF Lawson,52.0,378.0,11.11,75.6,-0.743903038933671,-1.346036524628549,0.05254845486759212,-0.6791303695648759
PA Wallace,33.0,701.0,21.24,60.9,-0.6170811728753205,-0.4183385797816759,-1.0133119701989615,-0.6829105742853192
MA Ealham,45.0,716.0,17.46,65.56,-0.6111916125320535,-0.7645081978982778,-0.6754269647016726,-0.6837089250440013
Mirwais Ashraf,38.0,387.0,14.33,71.27,-0.7403693027277107,-1.051151294381073,-0.26140907169963074,-0.6843098896028048
Akram Khan,44.0,976.0,23.23,56.71,-0.5091058999154245,-0.23609584431817343,-1.3171184450988838,-0.6874400631108273
Khaled Mahmud,72.0,991.0,14.36,67.83,-0.5032163395721575,-1.0484039164595127,-0.5108349126675861,-0.6874850562330854
PR Reiffel,57.0,503.0,13.97,70.94,-0.6948233694064456,-1.084119829439797,-0.2853365506296961,-0.6880932498253128
RC Russell,31.0,423.0,17.62,66.3,-0.7262343579038698,-0.7498555156499561,-0.6217714058887989,-0.6992870931475416
GS Blewett,30.0,551.0,20.4,61.97,-0.675976776307991,-0.49526516158536527,-0.9357289324560217,-0.7023236234497927
DD Ebrahim,76.0,1443.0,20.61,56.81,-0.32574425456171036,-0.47603351613444284,-1.3098676939079548,-0.7038818215347027
Rajin Saleh,43.0,1005.0,23.92,54.82,-0.49771941658510827,-0.1729061521222856,-1.4541576426074407,-0.7082610704382781
Aminul Islam,39.0,794.0,23.35,56.59,-0.5805658987470648,-0.225106332631932,-1.3258193465279982,-0.7104971926356649
JK Kamande,72.0,1055.0,17.29,62.61,-0.4780875487742181,-0.78007667278712,-0.8893241248340765,-0.7158294487984715
DN Patel,63.0,623.0,11.75,71.77,-0.6477068866603092,-1.2874257956352617,-0.22515531574498607,-0.7200959993468522
TE Blain,38.0,442.0,16.37,66.76,-0.7187742481357315,-0.86432959571497,-0.5884179504105251,-0.7238405980870756
AR White,46.0,776.0,18.04,62.83,-0.5876333711589853,-0.7113922247481116,-0.8733724722140329,-0.7241326893737099
M Muralitharan,162.0,674.0,6.8,77.56,-0.6276823814932012,-1.740743152692717,0.19466317820979986,-0.7245874519920393
NN Odhiambo,53.0,528.0,12.0,71.64,-0.6850074355010005,-1.264530979622259,-0.23458129229319336,-0.728039902472151
Qasim Umar,31.0,642.0,22.92,57.06,-0.6402467768921709,-0.2644854161742968,-1.2917408159306323,-0.7321576696657
DJ Nash,53.0,624.0,15.6,66.38,-0.6473142493040913,-0.9348456290350188,-0.6159708049360558,-0.7327102277583886
KS More,65.0,563.0,13.09,69.67,-0.6712651280333773,-1.1647095818055668,-0.3774210907544933,-0.7377986001978125
PS de Villiers,36.0,170.0,8.09,77.98,-0.8255716090269741,-1.6226059020656227,0.22511633321170155,-0.7410203926269651
Javed Omar,59.0,1312.0,23.85,51.89,-0.3771797482262426,-0.17931670060592642,-1.6666046525016585,-0.741033700444609
RS Madugalle,56.0,950.0,18.62,60.35,-0.5193144711770874,-0.6582762515979449,-1.0531911017490703,-0.7435939415080342
M Morkel,47.0,268.0,9.24,75.7,-0.7870931481176294,-1.5172897484058097,0.059799206058521674,-0.7481945634883058
SMH Kirmani,31.0,373.0,20.72,60.55,-0.74586622571476,-0.46595979708872165,-1.0386895993672127,-0.7501718740568981
Shoaib Mohammad,58.0,1269.0,24.4,50.92,-0.3940631545436082,-0.12894810537732054,-1.736936939053669,-0.7533160663248659
S Madan Lal,35.0,401.0,19.09,62.17,-0.7348723797406616,-0.6152339974934997,-0.9212274300741636,-0.7571112691027749
DK Lillee,34.0,240.0,9.23,75.0,-0.7980869940917279,-1.51820554104633,0.009043947722018908,-0.7690828624720129
Farhad Reza,31.0,412.0,16.48,64.77,-0.7305533688222657,-0.8542558766692488,-0.7327078991100117,-0.7725057148671753
MA Holding,42.0,282.0,9.09,74.8,-0.7815962251305801,-1.5310266380136115,-0.005457554659839174,-0.7726934726013436
C Pringle,41.0,193.0,8.77,75.39,-0.8165409498339646,-1.5603320025102552,0.037321877366641804,-0.7798503583258592
KM Dabengwa,34.0,514.0,19.03,60.39,-0.6905043584880497,-0.6207287533366204,-1.0502908012726988,-0.7871746376991229
P Utseya,132.0,1406.0,16.73,58.34,-0.3402718367417691,-0.831361060656246,-1.1989312006867419,-0.7901880326949189
SJ Benn,30.0,182.0,7.91,75.83,-0.8208599607523605,-1.6390901695949847,0.06922518260672897,-0.7969083159135387
GR Larsen,70.0,629.0,14.62,64.84,-0.6453510625230023,-1.02459330780599,-0.7276323732763609,-0.799192247868451
Shoaib Akhtar,84.0,394.0,8.95,73.23,-0.7376208412341861,-1.5438477349808932,-0.119294348357423,-0.8002543081908341
TA Boult,39.0,154.0,9.62,73.68,-0.8318538067264589,-1.4824896280660458,-0.08666596799824257,-0.8003364675969157
RDB Croft,36.0,345.0,14.37,66.47,-0.7568600716888585,-1.0474881238189926,-0.6094451288642195,-0.8045977747906902
NW Bracken,35.0,199.0,11.7,70.56,-0.8141851256966578,-1.2920047588378625,-0.31288940515522573,-0.8063597632299152
RT Latham,33.0,583.0,20.1,57.83,-0.6634123809090213,-0.5227389408009684,-1.2359100317604799,-0.8073537844901565
TN de Grooth,32.0,480.0,17.14,62.01,-0.703854028599455,-0.7938135623949215,-0.9328286319796503,-0.8101654076580089
SL Malinga,119.0,567.0,6.83,74.5,-0.6696945786085061,-1.737995774771157,-0.027209808232625782,-0.8116333872040963
Umar Gul,65.0,457.0,9.72,71.18,-0.7128846877924645,-1.4733317016608445,-0.26793474777146603,-0.818050379074925
RC Irani,30.0,360.0,14.4,65.57,-0.7509705113455915,-1.044740745897432,-0.6747018895825804,-0.8234710489418678
MC Snedden,54.0,535.0,15.28,63.46,-0.6822589740074758,-0.9641509935316624,-0.8276927397111804,-0.8247009024167727
PJ Cummins,35.0,234.0,10.17,71.34,-0.8004428182290347,-1.4321210328374394,-0.25633354586597995,-0.8296324656441514
Waqar Younis,139.0,969.0,10.3,67.05,-0.5118543614089491,-1.420215728510678,-0.5673907719568319,-0.8331536206254864
RW Chakabva,35.0,599.0,18.15,58.89,-0.6571301832095364,-0.7013185057023904,-1.1590520691366328,-0.8391669193495199
RM Haq,40.0,566.0,16.64,60.79,-0.670087215964724,-0.8396031944209271,-1.0212877965089833,-0.8436594022982113
AG Cremer,71.0,744.0,14.58,62.2,-0.600197766557955,-1.02825647836807,-0.9190522047168849,-0.8491688165476365
WKM Benjamin,52.0,298.0,7.45,73.39,-0.7753140274310952,-1.6812166310589098,-0.10769314645193695,-0.8547412683139807
DW Fleming,31.0,152.0,11.69,68.77,-0.8326390814388945,-1.2929205514783826,-0.4426778514728542,-0.8560791614633771
C White,41.0,568.0,15.77,61.2,-0.6693019412522884,-0.919277154146177,-0.9915597166261743,-0.8600462706748797
RMH Binny,49.0,629.0,16.12,60.13,-0.6453510625230023,-0.8872244117279728,-1.0691427543691139,-0.8672394095400296
GF Labrooy,36.0,249.0,8.58,71.14,-0.7945532578857677,-1.5777320626801374,-0.27083504824783805,-0.8810401229379143
S Wettimuny,33.0,786.0,24.56,48.04,-0.5837069975968072,-0.11429542312899874,-1.9457585733524227,-0.8812536646927428
D Gough,87.0,609.0,12.42,64.3,-0.6532038096473585,-1.2260676887204143,-0.7667864297073776,-0.8820193093583834
Iftikhar Anjum,34.0,234.0,15.6,61.9,-0.8004428182290347,-0.9348456290350188,-0.940804458289672,-0.8920309685179084
BAW Mendis,42.0,188.0,8.17,71.48,-0.8185041366150536,-1.6152795609414616,-0.2461824941986794,-0.8933220639183982
DP Viljoen,43.0,512.0,14.22,61.91,-0.6912896332004853,-1.0612250134267942,-0.9400793831705793,-0.8975313432659529
DSBP Kuruppu,52.0,1022.0,20.03,51.66,-0.4910445815294056,-0.5291494892846091,-1.6832813802407953,-0.9011584836849367
CEL Ambrose,96.0,639.0,10.65,64.87,-0.6414246889608243,-1.388162986092474,-0.7254571479190821,-0.9183482743241268
CA Walsh,79.0,321.0,6.97,71.17,-0.7662833682380858,-1.7251746778038752,-0.2686598228905593,-0.9200392896441735
UC Hathurusingha,33.0,669.0,20.9,50.75,-0.6296455682742902,-0.44947552955935965,-1.7492632160782484,-0.942794771303966
Imran Tahir,36.0,157.0,7.85,69.77,-0.8306758946578056,-1.6445849254381053,-0.3701703395635648,-0.9484770532198252
Mohammad Sami,46.0,314.0,11.62,64.08,-0.7690318297316104,-1.2993310999620233,-0.7827380823274211,-0.9503670040070182
Tushar Imran,40.0,574.0,14.35,59.17,-0.6669461171149815,-1.0493197091000328,-1.1387499658020317,-0.9516719306723487
AR Caddick,38.0,249.0,12.45,63.03,-0.7945532578857677,-1.223320310798854,-0.8588709698321748,-0.9589148461722654
A Kumble,136.0,938.0,10.53,61.06,-0.5240261194517011,-1.3991524977787155,-1.0017107682934747,-0.9749631285079636
J Garner,41.0,239.0,9.19,66.38,-0.7984796314479456,-1.5218687116084106,-0.6159708049360558,-0.978773049330804
KM Jarvis,33.0,222.0,9.65,65.87,-0.8051544665036483,-1.4797422501444855,-0.6529496360097927,-0.9792821175526422
M Ntini,47.0,199.0,8.65,66.77,-0.8141851256966578,-1.5713215141964967,-0.587692875291433,-0.991066505061529
DW Steyn,51.0,365.0,9.35,64.94,-0.7490073245645025,-1.5072160293600885,-0.7203816220854323,-0.9922016586700078
AME Roberts,32.0,231.0,10.04,64.7,-0.8016207302976881,-1.444026337164201,-0.7377834249436614,-0.9944768308018501
Sarfraz Nawaz,31.0,221.0,9.6,64.05,-0.8055471038598662,-1.4843212133470858,-0.7849133076846999,-1.0249272082972172
IDR Bradshaw,34.0,287.0,12.47,59.79,-0.7796330383494912,-1.2214887255178137,-1.0937953084182725,-1.0316390240951925
HMRKB Herath,30.0,140.0,9.33,64.51,-0.8373507297135082,-1.509047614641129,-0.7515598522064263,-1.0326527321870211
ML Nkala,35.0,324.0,10.8,61.59,-0.7651054561694324,-1.3744260964846724,-0.9632817869815514,-1.0342711132118854
Mansoor Akhtar,35.0,593.0,17.44,51.65,-0.6594860073468433,-0.7663397831793181,-1.6840064553598881,-1.036610748628683
PJ Ongondo,62.0,391.0,9.09,62.96,-0.7387987533028395,-1.5310266380136115,-0.8639464956658252,-1.044590628994092
GP Wickramasinghe,64.0,344.0,8.6,63.35,-0.7572527090450764,-1.5759004773990968,-0.8356685660212022,-1.0562739174884583
JR Ratnayeke,69.0,824.0,14.98,52.45,-0.5687867780605307,-0.9916247727472657,-1.6260004458324564,-1.0621373322134176
GB Brent,54.0,408.0,12.0,58.45,-0.7321239182471369,-1.264530979622259,-1.19095537437672,-1.062536757415372
RM Hogg,35.0,137.0,9.13,63.13,-0.8385286417821616,-1.5273634674515308,-0.8516202186412458,-1.0725041092916459
Tapash Baisya,41.0,336.0,12.0,58.33,-0.7603938078948187,-1.264530979622259,-1.1996562758058351,-1.074860354440971
JR Thomson,30.0,181.0,7.54,64.64,-0.8212525981085783,-1.6729744972942289,-0.742133875658219,-1.0787869903536753
IR Bishop,44.0,405.0,16.2,52.19,-0.7333018303157903,-0.8798980706038121,-1.644852398928872,-1.0860174332828247
TJ Murtagh,36.0,188.0,7.83,63.08,-0.8185041366150536,-1.6464165107191457,-0.8552455942367105,-1.1067220805236366
CRD Fernando,61.0,239.0,9.19,60.96,-0.7984796314479456,-1.5218687116084106,-1.008961519484404,-1.1097699541802535
RAS Lakmal,48.0,244.0,9.38,60.39,-0.7965164446668567,-1.5044686514385281,-1.0502908012726988,-1.1170919657926945
Aaqib Javed,51.0,267.0,10.68,58.55,-0.7874857854738472,-1.3854156081709137,-1.1837046231857915,-1.1188686722768506
RW Price,59.0,406.0,9.66,57.91,-0.7329091929595725,-1.4788264575039651,-1.2301094308077367,-1.1472816937570913
KAJ Roach,57.0,308.0,13.39,53.47,-0.7713876538689173,-1.1372358025899634,-1.5520427836849815,-1.1535554133812873
ST Finn,30.0,136.0,8.0,60.98,-0.8389212791383794,-1.6308480358303037,-1.0075113692462183,-1.159093561404967
Mushtaq Ahmed,76.0,399.0,9.5,57.16,-0.7356576544530972,-1.4934791397522869,-1.2844900647397037,-1.1712089529816958
Saeed Ajmal,70.0,324.0,7.04,60.56,-0.7651054561694324,-1.7187641293202345,-1.0379645242481195,-1.1739447032459287
AO Suji,46.0,506.0,12.97,51.79,-0.6936454573377921,-1.1756990934918081,-1.6738554036925875,-1.1810666515073958
BKV Prasad,63.0,221.0,6.9,60.21,-0.8055471038598662,-1.7315852262875162,-1.063342153416371,-1.2001581611879177
CPH Ramanayake,35.0,210.0,10.0,56.14,-0.809866114778262,-1.4476895077262812,-1.3584477268871786,-1.2053344497972405
CJ McKay,31.0,190.0,9.04,56.37,-0.817718861902618,-1.5356056012162123,-1.3417709991480424,-1.231698487422291
T Mupariwa,32.0,185.0,8.4,56.92,-0.8196820486837071,-1.5942163302094994,-1.301891867597933,-1.2385967488303797
Saqlain Mushtaq,98.0,711.0,11.85,49.58,-0.6131547993131424,-1.2782678692300606,-1.834097005012117,-1.2418398911851067
HA Varaiya,38.0,252.0,12.0,51.53,-0.7933753458171142,-1.264530979622259,-1.6927073567890027,-1.2502045607427918
M Dillon,51.0,227.0,7.32,55.23,-0.8031912797225593,-1.6931219353856712,-1.4244295627246322,-1.3069142592776208
A Nehra,46.0,141.0,5.64,57.31,-0.8369580923572905,-1.84697509899305,-1.27361393795331,-1.31918237643455
AR Whittall,35.0,168.0,7.63,54.19,-0.8263568837394097,-1.664732363529548,-1.4998373751102931,-1.3303088741264169
Rubel Hossain,52.0,140.0,5.0,56.22,-0.8373507297135082,-1.9055858279863371,-1.3526471259344357,-1.365194561211427
Shafiul Islam,33.0,129.0,5.86,54.89,-0.841669740631904,-1.8268276609016076,-1.4490821167737904,-1.3725265061024339
T Panyangara,49.0,239.0,6.63,51.61,-0.7984796314479456,-1.7563116275815591,-1.6869067558362596,-1.413899338288588
Junaid Khan,31.0,68.0,4.85,53.54,-0.8656206193611901,-1.9193227175941387,-1.5469672578513312,-1.4439701982688866
JM Anderson,79.0,273.0,7.58,48.66,-0.7851299613365403,-1.6693113267321487,-1.9008039159686634,-1.451748401345784
MA Suji,52.0,247.0,8.23,46.95,-0.7953385325982033,-1.609784805098341,-2.0247917613335478,-1.476638366343364
TL Chatara,45.0,165.0,6.6,49.1,-0.8275347958080631,-1.7590590055031192,-1.8689006107285757,-1.4851648040132526
DK Morrison,43.0,171.0,9.0,42.75,-0.8251789716707563,-1.5392687717782925,-2.3293233113525633,-1.5645903516005373
GD McGrath,68.0,115.0,3.83,48.72,-0.8471666636189533,-2.0127335669271904,-1.8964534652541059,-1.5854512319334164
WB Rankin,32.0,86.0,6.61,43.43,-0.8585531469492697,-1.7581432128625993,-2.280018203254247,-1.632238187688705
EJ Chatfield,48.0,118.0,10.72,34.1,-0.8459887515502998,-1.3817524376088333,-2.9565132893679165,-1.728084826175683
CD Collymore,35.0,104.0,5.77,39.84,-0.8514856745373491,-1.8350697946662886,-2.540320171008595,-1.742291880070744
AA Donald,40.0,95.0,4.31,34.05,-0.8550194107433093,-1.968775520182225,-2.9601386649633814,-1.927977865296305
Mohammad Irfan,33.0,48.0,4.0,32.21,-0.8734733664855462,-1.9971650920383484,-3.093552486876473,-1.988063648466789
CB Mpofu,40.0,48.0,2.4,23.76,-0.8734733664855462,-2.1436919145215665,-3.7062409625099684,-2.2411354145056936
